,L,e
0,10.0,0.1908777088427691
1,10.0,0.7045163787305444
2,10.29029029029029,0.1833787278397098
3,10.29029029029029,0.6807226475687789
4,10.58058058058058,0.17630294507379043
5,10.58058058058058,0.657894587410805
6,10.87087087087087,0.1696203207542131
7,10.87087087087087,0.63599823615723
8,11.16116116116116,0.16330324162257218
9,11.16116116116116,0.6150009877207535
10,11.451451451451451,0.15732632934795474
11,11.451451451451451,0.5948707890186778
12,11.741741741741741,0.15166625646949017
13,11.741741741741741,0.5755757471315149
14,12.032032032032031,0.1463015728920602
15,12.032032032032031,0.5570840032564152
16,12.322322322322321,0.1412125444301642
17,12.322322322322321,0.5393637675733766
18,12.322322322322321,0.9973305665865626
19,12.612612612612612,0.13638100391793354
20,12.612612612612612,0.5223834406727231
21,12.612612612612612,0.9871194772583479
22,12.902902902902902,0.13179021478470854
23,12.902902902902902,0.5061117719426338
24,12.902902902902902,0.9752045877058196
25,13.193193193193194,0.12742358427514658
26,13.193193193193194,0.4905180237163918
27,13.193193193193194,0.9615137665020537
28,13.483483483483484,0.12326884410695042
29,13.483483483483484,0.47557212301302426
30,13.483483483483484,0.946054058442311
31,13.773773773773774,0.11931193044383144
32,13.773773773773774,0.4612447915261024
33,13.773773773773774,0.9290929585150636
34,14.064064064064064,0.11554066429890955
35,14.064064064064064,0.4475076502274393
36,14.064064064064064,0.9110032651661635
37,14.354354354354355,0.11194377380713602
38,14.354354354354355,0.43433329842704776
39,14.354354354354355,0.8921637792720816
40,14.644644644644645,0.10851081732527798
41,14.644644644644645,0.42169536910645045
42,14.644644644644645,0.8729012793647364
43,14.934934934934935,0.10523211380325864
44,14.934934934934935,0.4095640247859398
45,14.934934934934935,0.8534732478631817
46,15.225225225225225,0.10209867973619369
47,15.225225225225225,0.39792391596197185
48,15.225225225225225,0.8340731395900892
49,15.515515515515515,0.0991021720614227
50,15.515515515515515,0.3867475029986243
51,15.515515515515515,0.8147936874630187
52,15.805805805805806,0.09623345045208226
53,15.805805805805806,0.37601272048035034
54,15.805805805805806,0.7958232350761301
55,16.096096096096097,0.09348762870599132
56,16.096096096096097,0.36569855707506027
57,16.096096096096097,0.777146363262315
58,16.386386386386388,0.09085692877220437
59,16.386386386386388,0.3557850288902979
60,16.386386386386388,0.7588571427873033
61,16.676676676676678,0.08833506991460587
62,16.676676676676678,0.3462531476482625
63,16.676676676676678,0.7410116475871886
64,16.966966966966968,0.08591619241224775
65,16.966966966966968,0.3370848852218144
66,16.966966966966968,0.7235688993320857
67,17.25725725725726,0.08359482529462577
68,17.25725725725726,0.3282631357883244
69,17.25725725725726,0.7065758513941357
70,17.54754754754755,0.08136585696578413
71,17.54754754754755,0.3197716766140947
72,17.54754754754755,0.6900373120309691
73,17.83783783783784,0.07922315614438706
74,17.83783783783784,0.3115951282680492
75,17.83783783783784,0.6739551065252454
76,18.12812812812813,0.07716454611254842
77,18.12812812812813,0.30371891489251224
78,18.12812812812813,0.6583241970034603
79,18.41841841841842,0.07518479551193318
80,18.41841841841842,0.29612922501054484
81,18.41841841841842,0.6431402833687204
82,18.41841841841842,1.017534990030054
83,18.70870870870871,0.07327996401815426
84,18.70870870870871,0.28881297323261085
85,18.70870870870871,0.628396165370731
86,18.70870870870871,1.0047226153977313
87,18.998998998999,0.07144635535406839
88,18.998998998999,0.2817577631272581
89,18.998998998999,0.6140832195990957
90,18.998998998999,0.9911704512202646
91,19.28928928928929,0.06968050007753043
92,19.28928928928929,0.27494827982088177
93,19.28928928928929,0.6001917767732174
94,19.28928928928929,0.9768500212178993
95,19.57957957957958,0.06797913980888388
96,19.57957957957958,0.2683797429244158
97,19.57957957957958,0.586711419678811
98,19.57957957957958,0.9620060424890645
99,19.86986986986987,0.06633766112126954
100,19.86986986986987,0.26203865937953286
101,19.86986986986987,0.573632763146776
102,19.86986986986987,0.9467222453175632
103,20.16016016016016,0.06475586276557523
104,20.16016016016016,0.2559150096718381
105,20.16016016016016,0.5609418899985535
106,20.16016016016016,0.931074389881611
107,20.45045045045045,0.0632298152485973
108,20.45045045045045,0.24999929401457868
109,20.45045045045045,0.5486285826422583
110,20.45045045045045,0.9152947409066837
111,20.74074074074074,0.06175695429575075
112,20.74074074074074,0.24428250382180133
113,20.74074074074074,0.5366813650853762
114,20.74074074074074,0.8993869515971518
115,21.03103103103103,0.06033486327819362
116,21.03103103103103,0.23875609472987375
117,21.03103103103103,0.5250887948198212
118,21.03103103103103,0.8835294370228657
119,21.32132132132132,0.05896126361923539
120,21.32132132132132,0.2334119611283823
121,21.32132132132132,0.5138395350969738
122,21.32132132132132,0.8677049998075619
123,21.61161161161161,0.05763247728496721
124,21.61161161161161,0.22824241214980237
125,21.61161161161161,0.5029239345840761
126,21.61161161161161,0.8520552481732341
127,21.9019019019019,0.056349145498825345
128,21.9019019019019,0.22324014905997275
129,21.9019019019019,0.49232836388849704
130,21.9019019019019,0.8365368413566782
131,22.192192192192195,0.05510813200040151
132,22.192192192192195,0.2183941783299431
133,22.192192192192195,0.48204330807234114
134,22.192192192192195,0.8212362332503045
135,22.48248248248248,0.05390761579488544
136,22.48248248248248,0.2137050915933061
137,22.48248248248248,0.4720583102940568
138,22.48248248248248,0.8061705099743353
139,22.772772772772775,0.0527458746923935
140,22.772772772772775,0.209163339563621
141,22.772772772772775,0.46236319449448104
142,22.772772772772775,0.7913894010426621
143,23.063063063063062,0.051621279296408744
144,23.063063063063062,0.20476295721545196
145,23.063063063063062,0.45294807722857605
146,23.063063063063062,0.7768439837511026
147,23.353353353353356,0.05053067340064473
148,23.353353353353356,0.20049827310971896
149,23.353353353353356,0.44380498179180783
150,23.353353353353356,0.7625793350489378
151,23.643643643643642,0.04947544983954082
152,23.643643643643642,0.19636389358757592
153,23.643643643643642,0.43492178828827416
154,23.643643643643642,0.7486014616062626
155,23.933933933933936,0.04845291595915759
156,23.933933933933936,0.19235468793344307
157,23.933933933933936,0.4262908251124393
158,23.933933933933936,0.7349138826946203
159,24.224224224224223,0.047461751673620795
160,24.224224224224223,0.18846577445026158
161,24.224224224224223,0.4179034298343527
162,24.224224224224223,0.7215180950525835
163,24.514514514514516,0.04650070468552617
164,24.514514514514516,0.18468850887425978
165,24.514514514514516,0.4097512405290813
166,24.514514514514516,0.7084179313895816
167,24.804804804804803,0.045568586613637316
168,24.804804804804803,0.18102555894055036
169,24.804804804804803,0.4018261910196566
170,24.804804804804803,0.6956048788255952
171,24.804804804804803,0.9950942167242444
172,25.095095095095097,0.044662492531299024
173,25.095095095095097,0.17746944792050456
174,25.095095095095097,0.3941222668950869
175,25.095095095095097,0.6830796431550263
176,25.095095095095097,0.9877657418007176
177,25.385385385385383,0.043784528062029954
178,25.385385385385383,0.17401614017979739
179,25.385385385385383,0.3866288244184623
180,25.385385385385383,0.670838860243834
181,25.385385385385383,0.9782143483278459
182,25.675675675675677,0.04293221147082842
183,25.675675675675677,0.1706617883908059
184,25.675675675675677,0.37933328092209767
185,25.675675675675677,0.6588784896084235
186,25.675675675675677,0.967207177543344
187,25.965965965965964,0.04210456819819558
188,25.965965965965964,0.16740272387175653
189,25.965965965965964,0.3722413822825501
190,25.965965965965964,0.6471939591343708
191,25.965965965965964,0.9551480477116199
192,26.256256256256258,0.04130067124412974
193,26.256256256256258,0.16423544751251845
194,26.256256256256258,0.365340440537249
195,26.256256256256258,0.6357802845399334
196,26.256256256256258,0.9424260232888367
197,26.546546546546548,0.04051796862348304
198,26.546546546546548,0.16115662124937719
199,26.546546546546548,0.3586256762550488
200,26.546546546546548,0.6246321680581911
201,26.546546546546548,0.9294872382822789
202,26.836836836836838,0.03975862695740941
203,26.836836836836838,0.1581585788812594
204,26.836836836836838,0.35208788992093265
205,26.836836836836838,0.6137485517888442
206,26.836836836836838,0.9163315015235444
207,27.127127127127128,0.03902045744945392
208,27.127127127127128,0.1552463064206876
209,27.127127127127128,0.3457224994544327
210,27.127127127127128,0.6031157341444494
211,27.127127127127128,0.90306148352112
212,27.41741741741742,0.03830269301955664
213,27.41741741741742,0.15241319445074442
214,27.41741741741742,0.33952376885080465
215,27.41741741741742,0.5927316112269326
216,27.41741741741742,0.8898642317953426
217,27.70770770770771,0.037604602473353746
218,27.70770770770771,0.14965645122160542
219,27.70770770770771,0.3334861799261753
220,27.70770770770771,0.5825903392208817
221,27.70770770770771,0.8766777319002987
222,27.997997997998,0.03692385880391162
223,27.997997997998,0.146973408428122
224,27.997997997998,0.32760604345191385
225,27.997997997998,0.5726860511344967
226,27.997997997998,0.8636408311546412
227,28.28828828828829,0.03626275035719681
228,28.28828828828829,0.14436151524300547
229,28.28828828828829,0.32187531782408124
230,28.28828828828829,0.5630128879078681
231,28.28828828828829,0.8506810345028653
232,28.57857857857858,0.03561927340254344
233,28.57857857857858,0.14181833269798635
234,28.57857857857858,0.31629045139461187
235,28.57857857857858,0.5535650238725276
236,28.57857857857858,0.8378745957898729
237,28.86886886886887,0.03499281788534612
238,28.86886886886887,0.1393370496470742
239,28.86886886886887,0.3108467227184931
240,28.86886886886887,0.5443411562580477
241,28.86886886886887,0.8252360363850362
242,29.15915915915916,0.03438280117626382
243,29.15915915915916,0.13692351951352025
244,29.15915915915916,0.30553294070110587
245,29.15915915915916,0.5353275185737717
246,29.15915915915916,0.8127831139191802
247,29.44944944944945,0.03378703099510634
248,29.44944944944945,0.13457186161254317
249,29.44944944944945,0.3003586752297023
250,29.44944944944945,0.5265222325921066
251,29.44944944944945,0.8005408125466218
252,29.73973973973974,0.033207958104545576
253,29.73973973973974,0.1322800168340082
254,29.73973973973974,0.29531096073507884
255,29.73973973973974,0.5179197947093769
256,29.73973973973974,0.7884593700828993
257,30.03003003003003,0.03264368679902111
258,30.03003003003003,0.13004601290483958
259,30.03003003003003,0.2903871227814748
260,30.03003003003003,0.5095148061743254
261,30.03003003003003,0.776577544780315
262,30.32032032032032,0.03209372729467449
263,30.32032032032032,0.12786796040772777
264,30.32032032032032,0.28558325892985575
265,30.32032032032032,0.5013019795227824
266,30.32032032032032,0.7648981014217132
267,30.61061061061061,0.03155761101412683
268,30.61061061061061,0.12574404902202357
269,30.61061061061061,0.2808956124676673
270,30.61061061061061,0.4932761433659983
271,30.61061061061061,0.7534226237137888
272,30.9009009009009,0.031033213830618325
273,30.9009009009009,0.1236678066376209
274,30.9009009009009,0.2763222314209523
275,30.9009009009009,0.485436964560333
276,30.9009009009009,0.7421517283195693
277,30.9009009009009,1.0010406615532033
278,31.19119119119119,0.030523180241909705
279,31.19119119119119,0.12164619058186757
280,31.19119119119119,0.2718565783498358
281,31.19119119119119,0.4777709263900737
282,31.19119119119119,0.7310851933056067
283,31.19119119119119,0.9924926248651951
284,31.48148148148148,0.03002566498397137
285,31.48148148148148,0.11967359776142626
286,31.48148148148148,0.26749672503214694
287,31.48148148148148,0.4702772156817769
288,31.48148148148148,0.7202221564314654
289,31.48148148148148,0.9829772825735111
290,31.77177177177177,0.029540271411419936
291,31.77177177177177,0.11774848628601403
292,31.77177177177177,0.263239444207538
293,31.77177177177177,0.4629406227290286
294,31.77177177177177,0.7095611966343843
295,31.77177177177177,0.9728168085154444
296,32.06206206206206,0.029065117329301747
297,32.06206206206206,0.11586937643176975
298,32.06206206206206,0.2590831109155609
299,32.06206206206206,0.4557764661274015
300,32.06206206206206,0.6991004595531084
301,32.06206206206206,0.9621858353672393
302,32.352352352352355,0.028602602089913057
303,32.352352352352355,0.11403484793987032
304,32.352352352352355,0.25501489255338333
305,32.352352352352355,0.44877084986155336
306,32.352352352352355,0.6888447215265401
307,32.352352352352355,0.9511667296446349
308,32.64264264264264,0.028151084399776885
309,32.64264264264264,0.11223910446058748
310,32.64264264264264,0.2510464039760974
311,32.64264264264264,0.4419238858393646
312,32.64264264264264,0.6787783441308771
313,32.64264264264264,0.9399533125533116
314,32.93293293293293,0.027710226791247454
315,32.93293293293293,0.11048894582565107
316,32.93293293293293,0.24716863679551399
317,32.93293293293293,0.4352232851823176
318,32.93293293293293,0.668904718094058
319,32.93293293293293,0.9286280552753612
320,33.22322322322322,0.027279705480899093
321,33.22322322322322,0.10877933352644518
322,33.22322322322322,0.24337890381143581
323,33.22322322322322,0.4286687477597916
324,33.22322322322322,0.6592208779747323
325,33.22322322322322,0.9171922530240424
326,33.513513513513516,0.026857616957199636
327,33.513513513513516,0.10710904965351792
328,33.513513513513516,0.23967619614420213
329,33.513513513513516,0.42225632486198017
330,33.513513513513516,0.6497237187945998
331,33.513513513513516,0.9058130043963892
332,33.8038038038038,0.026446609248413914
333,33.8038038038038,0.10547692351555779
334,33.8038038038038,0.23605508761154545
335,33.8038038038038,0.41598218201769394
336,33.8038038038038,0.6404099910045297
337,33.8038038038038,0.8944155013030678
338,34.094094094094096,0.026045014240359286
339,34.094094094094096,0.10388182967447582
340,34.094094094094096,0.23251454132149005
341,34.094094094094096,0.40984259654163274
342,34.094094094094096,0.631276386968006
343,34.094094094094096,0.8831315634943785
344,34.38438438438439,0.025652554802177357
345,34.38438438438439,0.10231836371376002
346,34.38438438438439,0.22905223446496883
347,34.38438438438439,0.4038382610006726
348,34.38438438438439,0.6223195300180875
349,34.38438438438439,0.8718803833761771
350,34.67467467467468,0.02526747902112759
351,34.67467467467468,0.100793433107649
352,34.67467467467468,0.2256673936408266
353,34.67467467467468,0.39795774965915537
354,34.67467467467468,0.6135360221860638
355,34.67467467467468,0.8607345055962271
356,34.96496496496496,0.02489228707112106
357,34.96496496496496,0.09930231999409062
358,34.96496496496496,0.22235513227779444
359,34.96496496496496,0.39220136339769335
360,34.96496496496496,0.6049223940638999
361,34.96496496496496,0.8497055496908359
362,35.25525525525526,0.024525438077161687
363,35.25525525525526,0.09784405313280432
364,35.25525525525526,0.2191072745281132
365,35.25525525525526,0.3865658092682044
366,35.25525525525526,0.5964825311162408
367,35.25525525525526,0.8388389102422099
368,35.54554554554555,0.024166693786246127
369,35.54554554554555,0.09641769756496545
370,35.54554554554555,0.21593559947763427
371,35.54554554554555,0.3810369184047728
372,35.54554554554555,0.5881993067407106
373,35.54554554554555,0.8280745367868965
374,35.83583583583584,0.023814415449537017
375,35.83583583583584,0.09502235316634829
376,35.83583583583584,0.2128330431008637
377,35.83583583583584,0.3756321787482346
378,35.83583583583584,0.5800757817956372
379,35.83583583583584,0.8174411911832975
380,36.126126126126124,0.023471004998884822
381,36.126126126126124,0.09365280876210363
382,36.126126126126124,0.20979511651907007
383,36.126126126126124,0.37034316216382346
384,36.126126126126124,0.5721085520192918
385,36.126126126126124,0.8069524499087364
386,36.41641641641642,0.02313501590265997
387,36.41641641641642,0.09231625915128841
388,36.41641641641642,0.20682122681909948
389,36.41641641641642,0.3651589292582249
390,36.41641641641642,0.5642942717425844
391,36.41641641641642,0.7966113127480154
392,36.70670670670671,0.022806242474034597
393,36.70670670670671,0.09100813434793376
394,36.70670670670671,0.2039096176326848
395,36.70670670670671,0.36008040009863973
396,36.70670670670671,0.5566296273468254
397,36.70670670670671,0.7864199099388318
398,36.996996996997,0.022483129912119156
399,36.996996996997,0.08972765294575166
400,36.996996996997,0.20105993250492893
401,36.996996996997,0.35510482799263027
402,36.996996996997,0.5491113662520803
403,36.996996996997,0.7763796140039524
404,36.996996996997,0.9991758272600111
405,37.287287287287285,0.02216801862779756
406,37.287287287287285,0.08847406172032234
407,37.287287287287285,0.1982680289436502
408,37.287287287287285,0.35022954876146506
409,37.287287287287285,0.541736240093332
410,37.287287287287285,0.7664911668906031
411,37.287287287287285,0.9933980227413656
412,37.57757757757758,0.021859531306628835
413,37.57757757757758,0.08724663455128141
414,37.57757757757758,0.1955335018792352
415,37.57757757757758,0.3454519781927279
416,37.57757757757758,0.5344869037535998
417,37.57757757757758,0.7567547805701477
418,37.57757757757758,0.9854923875898665
419,37.86786786786787,0.021557489674702928
420,37.86786786786787,0.08604020592816906
421,37.86786786786787,0.19284761339808254
422,37.86786786786787,0.340774054847465
423,37.86786786786787,0.5273946650381656
424,37.86786786786787,0.7471702419216795
425,37.86786786786787,0.9766855479114883
426,38.15815815815816,0.021260400145499618
427,38.15815815815816,0.08486239379506598
428,38.15815815815816,0.1902237486555582
429,38.15815815815816,0.33618509030024435
430,38.15815815815816,0.5204298130511498
431,38.15815815815816,0.7377369076880946
432,38.15815815815816,0.9673630954734608
433,38.448448448448445,0.020970569609804934
434,38.448448448448445,0.08370864602562637
435,38.448448448448445,0.18765159170094675
436,38.448448448448445,0.33168661010156014
437,38.448448448448445,0.513595735089648
438,38.448448448448445,0.7284538742463537
439,38.448448448448445,0.9577650530993126
440,38.448448448448445,1.0243688228977825
441,38.73873873873874,0.02068667031577597
442,38.73873873873874,0.08257832878871257
443,38.73873873873874,0.18513091242813404
444,38.73873873873874,0.32726535024132175
445,38.73873873873874,0.5068895013135343
446,38.73873873873874,0.7193308839795776
447,38.73873873873874,0.9479179778122584
448,39.02902902902903,0.02040854717179156
449,39.02902902902903,0.08147083036683742
450,39.02902902902903,0.1826603666832929
451,39.02902902902903,0.32293975175447504
452,39.02902902902903,0.5003082345391002
453,39.02902902902903,0.7103459939589598
454,39.02902902902903,0.9379055740657628
455,39.31931931931932,0.02013474974245072
456,39.31931931931932,0.08038145923668749
457,39.31931931931932,0.18023993886585055
458,39.31931931931932,0.31870195366783893
459,39.31931931931932,0.49384913420150883
460,39.31931931931932,0.7015073793653063
461,39.31931931931932,0.9279078839321171
462,39.609609609609606,0.01986757335159409
463,39.609609609609606,0.0793172835693195
464,39.609609609609606,0.17786595862686672
465,39.609609609609606,0.3145422441509056
466,39.609609609609606,0.48750941690073696
467,39.609609609609606,0.692813298231053
468,39.609609609609606,0.9178998027413942
469,39.8998998998999,0.01960572410368613
470,39.8998998998999,0.07827415344087119
471,39.8998998998999,0.17553834876756474
472,39.8998998998999,0.3104621821181617
473,39.8998998998999,0.4812864017009855
474,39.8998998998999,0.6842619150133745
475,39.8998998998999,0.9078487919465413
476,40.190190190190194,0.019349066598183678
477,40.190190190190194,0.07725153266837496
478,40.190190190190194,0.17325593029537448
479,40.190190190190194,0.30645980045736204
480,40.190190190190194,0.47517745542637796
481,40.190190190190194,0.6758512859436568
482,40.190190190190194,0.8978449457535386
483,40.48048048048048,0.019096178925917386
484,40.48048048048048,0.07624890323229569
485,40.48048048048048,0.17101147100453082
486,40.48048048048048,0.3025331899511883
487,40.48048048048048,0.46918732793633955
488,40.48048048048048,0.6675793878910891
489,40.48048048048048,0.8879459304938732
490,40.77077077077077,0.018849362504492827
491,40.77077077077077,0.07526190782189798
492,40.77077077077077,0.16881538790357814
493,40.77077077077077,0.2986843343487113
494,40.77077077077077,0.4632996649358543
495,40.77077077077077,0.6594441552322808
496,40.77077077077077,0.8780697975845203
497,41.06106106106106,0.01860734450031929
498,41.06106106106106,0.07429726636768158
499,41.06106106106106,0.16666112196201022
500,41.06106106106106,0.29490426695787575
501,41.06106106106106,0.45751860054674953
502,41.06106106106106,0.6514434188563586
503,41.06106106106106,0.8682794129366315
504,41.351351351351354,0.018370006308419496
505,41.351351351351354,0.0733511102712441
506,41.351351351351354,0.16454763241901957
507,41.351351351351354,0.29119462585389627
508,41.351351351351354,0.45184174335942745
509,41.351351351351354,0.6435750269524461
510,41.351351351351354,0.8585823491473097
511,41.64164164164164,0.018135942502521863
512,41.64164164164164,0.07242298369390104
513,41.64164164164164,0.16247518528344224
514,41.64164164164164,0.28754297340977597
515,41.64164164164164,0.4462667757790776
516,41.64164164164164,0.6358474727878205
517,41.64164164164164,0.849023508893912
518,41.64164164164164,1.0166467775930206
519,41.93193193193193,0.017907475140639898
520,41.93193193193193,0.0715124458102978
521,41.93193193193193,0.16044039968570084
522,41.93193193193193,0.28396795359936045
523,41.93193193193193,0.44077775555519555
524,41.93193193193193,0.6282383753976196
525,41.93193193193193,0.8395382831653289
526,42.22222222222222,0.01768334184693857
527,42.22222222222222,0.07061907029040808
528,42.22222222222222,0.15844346962371753
529,42.22222222222222,0.280458321042774
530,42.22222222222222,0.4353985008756355
531,42.22222222222222,0.6207551156973989
532,42.22222222222222,0.8301504026117679
533,42.512512512512515,0.017462272496929436
534,42.512512512512515,0.06973827637889304
535,42.512512512512515,0.1564846213918353
536,42.512512512512515,0.27701667360693916
537,42.512512512512515,0.43011437722104323
538,42.512512512512515,0.6133954998565474
539,42.512512512512515,0.8208747183114801
540,42.8028028028028,0.017246365783719218
541,42.8028028028028,0.0688774840794078
542,42.8028028028028,0.15455379162183125
543,42.8028028028028,0.27363370722062014
544,42.8028028028028,0.4249302019897141
545,42.8028028028028,0.6061572987674475
546,42.8028028028028,0.81171343070655
547,43.093093093093096,0.01703447893840156
548,43.093093093093096,0.06803260544917528
549,43.093093093093096,0.1526644459388872
550,43.093093093093096,0.27031164313272654
551,43.093093093093096,0.41983069359695324
552,43.093093093093096,0.5990383326286315
553,43.093093093093096,0.802668055089597
554,43.093093093093096,1.001530910553835
555,43.38338338338338,0.016826517018168122
556,43.38338338338338,0.0672032636190656
557,43.38338338338338,0.1508094003595938
558,43.38338338338338,0.26704905787602407
559,43.38338338338338,0.4148201516954347
560,43.38338338338338,0.5920364243715786
561,43.38338338338338,0.7937397136386563
562,43.38338338338338,0.9951299271701083
563,43.673673673673676,0.016621205091694433
564,43.673673673673676,0.0663890937854605
565,43.673673673673676,0.14898900821244818
566,43.673673673673676,0.26384456831537256
567,43.673673673673676,0.4098966289176488
568,43.673673673673676,0.5851494154872565
569,43.673673673673676,0.7849290769525882
570,43.673673673673676,0.9878388652609729
571,43.96396396396396,0.016420691237463984
572,43.96396396396396,0.06558569888654033
573,43.96396396396396,0.14720026910277692
574,43.96396396396396,0.26070084874468785
575,43.96396396396396,0.4050581846994232
576,43.96396396396396,0.5783574638827212
577,43.96396396396396,0.7762364582360403
578,43.96396396396396,0.9799480127737533
579,44.254254254254256,0.016223824550793037
580,44.254254254254256,0.06480034221500518
581,44.254254254254256,0.14544346783518655
582,44.254254254254256,0.25759898635290696
583,44.254254254254256,0.4003029663119303
584,44.254254254254256,0.5717026006315182
585,44.254254254254256,0.7676618663030009
586,44.254254254254256,0.971532060050458
587,44.54454454454454,0.016029432681926865
588,44.54454454454454,0.06402908531259044
589,44.54454454454454,0.14371892885637094
590,44.54454454454454,0.2545603262688806
591,44.54454454454454,0.39562917485278454
592,44.54454454454454,0.5651472351703664
593,44.54454454454454,0.7592050507938896
594,44.54454454454454,0.962966296452629
595,44.83483483483484,0.01583949456553226
596,44.83483483483484,0.06327160458304815
597,44.83483483483484,0.14202390571828047
598,44.83483483483484,0.251574564774696
599,44.83483483483484,0.39103500104731653
600,44.83483483483484,0.5586983497172466
601,44.83483483483484,0.7508655408338539
602,44.83483483483484,0.9541784077198273
603,45.12512512512512,0.015652950148138316
604,45.12512512512512,0.06252402695988078
605,45.12512512512512,0.1403517700356771
606,45.12512512512512,0.24864404444289245
607,45.12512512512512,0.3865255440055094
608,45.12512512512512,0.5523539298848311
609,45.12512512512512,0.7426427586164145
610,45.12512512512512,0.9453024245018127
611,45.12512512512512,1.0027822107764837
612,45.41541541541542,0.015469722752501988
613,45.41541541541542,0.06179275141096221
614,45.41541541541542,0.13871495688474117
615,45.41541541541542,0.2457609196932397
616,45.41541541541542,0.3820861523054304
617,45.41541541541542,0.5461119510375152
618,45.41541541541542,0.7345357375305399
619,45.41541541541542,0.9363126740439907
620,45.705705705705704,0.015288621343233458
621,45.705705705705704,0.0610743013690343
622,45.705705705705704,0.13710763305710713
623,45.705705705705704,0.24292722321280638
624,45.705705705705704,0.377707987500123
625,45.705705705705704,0.5399704590696331
626,45.705705705705704,0.7265568690251514
627,45.705705705705704,0.9273711211672778
628,45.995995995996,0.015111692143559157
629,45.995995995996,0.06036838906340362
630,45.995995995996,0.13552706216995727
631,45.995995995996,0.24014185138153807
632,45.995995995996,0.37341507510243577
633,45.995995995996,0.5339275200691543
634,45.995995995996,0.7186797135154701
635,45.995995995996,0.9183787912784438
636,46.286286286286284,0.014937854733504017
637,46.286286286286284,0.05967473549833255
638,46.286286286286284,0.13397361631537708
639,46.286286286286284,0.23740373073953536
640,46.286286286286284,0.3691935477746904
641,46.286286286286284,0.5279812331780938
642,46.286286286286284,0.7109152935450325
643,46.286286286286284,0.9094700782790016
644,46.57657657657658,0.014765998179278098
645,46.57657657657658,0.058989516291513416
646,46.57657657657658,0.13244771136080644
647,46.57657657657658,0.2347153459028321
648,46.57657657657658,0.36504190055906244
649,46.57657657657658,0.5221297560279432
650,46.57657657657658,0.7032623726576368
651,46.57657657657658,0.9005450253732193
652,46.866866866866864,0.01459803648350321
653,46.866866866866864,0.05831917809041214
654,46.866866866866864,0.13094681120004306
655,46.866866866866864,0.23205918269393724
656,46.866866866866864,0.36095861283097647
657,46.866866866866864,0.5163809809138487
658,46.866866866866864,0.6957196483917242
659,46.866866866866864,0.8916766606808724
660,47.15715715715716,0.014432960260381785
661,47.15715715715716,0.05766027566614264
662,47.15715715715716,0.129471270559858
663,47.15715715715716,0.22945611159811197
664,47.15715715715716,0.35694225222094234
665,47.15715715715716,0.510714557774652
666,47.15715715715716,0.6882857640490878
667,47.15715715715716,0.8828726457754357
668,47.44744744744745,0.01427070707768815
669,47.44744744744745,0.057012560130403074
670,47.44744744744745,0.12801361036751038
671,47.44744744744745,0.22689624037983522
672,47.44744744744745,0.35299826739851975
673,47.44744744744745,0.5051375976387901
674,47.44744744744745,0.680959378727147
675,47.44744744744745,0.8741824618362495
676,47.73773773773774,0.014110137755513162
677,47.73773773773774,0.056375790008016416
678,47.73773773773774,0.12658756761102713
679,47.73773773773774,0.2243786307191583
680,47.73773773773774,0.3491121913763084
681,47.73773773773774,0.4996483727811962
682,47.73773773773774,0.673738945782279
683,47.73773773773774,0.8655196302332595
684,47.73773773773774,1.0025520838159114
685,48.02802802802803,0.013953245538931205
686,48.02802802802803,0.055746150803793075
687,48.02802802802803,0.12518425151579737
688,48.02802802802803,0.221905931399485
689,48.02802802802803,0.3452889400540722
690,48.02802802802803,0.4942452072962423
691,48.02802802802803,0.6666230543835613
692,48.02802802802803,0.8569383356230442
693,48.31831831831832,0.013798992155129183
694,48.31831831831832,0.055130190180701026
695,48.31831831831832,0.12380411610372187
696,48.31831831831832,0.2194705111670684
697,48.31831831831832,0.3415272179235715
698,48.31831831831832,0.4889092703330095
699,48.31831831831832,0.6596102209999335
700,48.31831831831832,0.8484586884296805
701,48.60860860860861,0.013646302448397356
702,48.60860860860861,0.05452445960083072
703,48.60860860860861,0.12244766166844362
704,48.60860860860861,0.21707471662069974
705,48.60860860860861,0.3378257683010818
706,48.60860860860861,0.4836718346986595
707,48.60860860860861,0.6526989473965445
708,48.60860860860861,0.8400511322155843
709,48.8988988988989,0.013497063707663385
710,48.8988988988989,0.05392874300632975
711,48.8988988988989,0.12111249473906383
712,48.8988988988989,0.21471770650706154
713,48.8988988988989,0.3341833126293477
714,48.8988988988989,0.4785154607886438
715,48.8988988988989,0.6458877257794652
716,48.8988988988989,0.8317332529704521
717,48.8988988988989,1.0045296903703247
718,49.18918918918919,0.013350294474520517
719,49.18918918918919,0.05334283063180063
720,49.18918918918919,0.11979905440433339
721,49.18918918918919,0.2123986616081026
722,49.18918918918919,0.33058541558632
723,49.18918918918919,0.4734385822542607
724,49.18918918918919,0.6391880877618777
725,49.18918918918919,0.8235066858709944
726,49.18918918918919,1.0019138112723491
727,49.47947947947948,0.013204974140036789
728,49.47947947947948,0.0527628854610686
729,49.47947947947948,0.11850133778365333
730,49.47947947947948,0.2101104535252105
731,49.47947947947948,0.3270627487365469
732,49.47947947947948,0.4684495823789391
733,49.47947947947948,0.6325529507382142
734,49.47947947947948,0.8153727087363098
735,49.47947947947948,0.996343622211534
736,49.76976976976977,0.013062900567535599
737,49.76976976976977,0.052195601247176426
738,49.76976976976977,0.1172295091500036
739,49.76976976976977,0.20786440986438656
740,49.76976976976977,0.3235895586190261
741,49.76976976976977,0.46352804859398145
742,49.76976976976977,0.6260328629964211
743,49.76976976976977,0.8073321213460629
744,49.76976976976977,0.9897330616028632
745,50.06006006006006,0.01292314063407412
746,50.06006006006006,0.05163749696457497
747,50.06006006006006,0.11597803118643671
748,50.06006006006006,0.20565396115291298
749,50.06006006006006,0.3201706650853723
750,50.06006006006006,0.45868157033485546
751,50.06006006006006,0.6196067688188821
752,50.06006006006006,0.7993855528146727
753,50.06006006006006,0.9825750914251545
754,50.350350350350354,0.012785647145487182
755,50.350350350350354,0.051088384398438005
756,50.350350350350354,0.11474647795700531
757,50.350350350350354,0.2034783680662255
758,50.350350350350354,0.31680496829605426
759,50.350350350350354,0.4539087104697332
760,50.350350350350354,0.6132731693692935
761,50.350350350350354,0.7915333367003651
762,50.350350350350354,0.9749527472949276
763,50.64064064064064,0.012649361919079316
764,50.64064064064064,0.050544711352780124
765,50.64064064064064,0.113535428009911
766,50.64064064064064,0.20134025979257084
767,50.64064064064064,0.31349141429383914
768,50.64064064064064,0.44920808190180433
769,50.64064064064064,0.6070305753793397
770,50.64064064064064,0.7837755872010054
771,50.64064064064064,0.9672162207175339
772,50.930930930930934,0.012516173440113888
773,50.930930930930934,0.05001269872412573
774,50.930930930930934,0.11234257998805172
775,50.930930930930934,0.19923257205164274
776,50.930930930930934,0.3102289205934301
777,50.930930930930934,0.4445782711930355
778,50.930930930930934,0.6008775090947582
779,50.930930930930934,0.7761122299134422
780,50.930930930930934,0.9592746495686043
781,51.22122122122122,0.012385111380353754
782,51.22122122122122,0.049489117355042425
783,51.22122122122122,0.11116845102423115
784,51.22122122122122,0.19715765997138543
785,51.22122122122122,0.3070164822378621
786,51.22122122122122,0.4400179476840316
787,51.22122122122122,0.5948125058781039
788,51.22122122122122,0.7685430281740006
789,51.22122122122122,0.9512554184357942
790,51.511511511511515,0.012255162298925844
791,51.511511511511515,0.04897379801401342
792,51.511511511511515,0.11000739052603582
793,51.511511511511515,0.19511485794773203
794,51.511511511511515,0.3038592637646895
795,51.511511511511515,0.4355257924055467
796,51.511511511511515,0.5888341930323218
797,51.511511511511515,0.7610676058605458
798,51.511511511511515,0.9431215551860668
799,51.8018018018018,0.012128141044116093
800,51.8018018018018,0.04846341795709998
801,51.8018018018018,0.10886913364250238
802,51.8018018018018,0.19309723132676182
803,51.8018018018018,0.3007444731336366
804,51.8018018018018,0.4311098686455397
805,51.8018018018018,0.5829409915435507
806,51.8018018018018,0.7536855569637727
807,51.8018018018018,0.9350384869806819
808,52.092092092092095,0.012003116911897524
809,52.092092092092095,0.047963822253141636
810,52.092092092092095,0.1077484504915218
811,52.092092092092095,0.19111619167879768
812,52.092092092092095,0.2976768496685586
813,52.092092092092095,0.4267343706837423
814,52.092092092092095,0.57713155229051
815,52.092092092092095,0.7464126456100452
816,52.092092092092095,0.9268940688173001
817,52.38238238238238,0.01187911493855853
818,52.38238238238238,0.04747198422685358
819,52.38238238238238,0.10664590459274521
820,52.38238238238238,0.18916532956371204
821,52.38238238238238,0.29465548515743795
822,52.38238238238238,0.42243865729357033
823,52.38238238238238,0.5714044754457624
824,52.38238238238238,0.7392165107282455
825,52.38238238238238,0.9188298667101635
826,52.672672672672675,0.011757887255299746
827,52.672672672672675,0.04698775140836713
828,52.672672672672675,0.10555939244076827
829,52.672672672672675,0.18724404208946294
830,52.672672672672675,0.2916658138324028
831,52.672672672672675,0.4182060883596631
832,52.672672672672675,0.5657718731289085
833,52.672672672672675,0.7321116970751793
834,52.672672672672675,0.9107328186871643
835,52.96296296296296,0.011638537152504283
836,52.96296296296296,0.04651097550749425
837,52.96296296296296,0.10448942140958177
838,52.96296296296296,0.1853517412411824
839,52.96296296296296,0.28873319154598087
840,52.96296296296296,0.4140354794488871
841,52.96296296296296,0.5602064177841068
842,52.96296296296296,0.7250973826304865
843,52.96296296296296,0.9026793772687363
844,53.253253253253256,0.011520122793974687
845,53.253253253253256,0.04603823565071557
846,53.253253253253256,0.10343654659600895
847,53.253253253253256,0.1834911078859687
848,53.253253253253256,0.28584412553384253
849,53.253253253253256,0.4099256938210377
850,53.253253253253256,0.5547192973831396
851,53.253253253253256,0.7181726911613844
852,53.253253253253256,0.8946761228083602
853,53.54354354354354,0.011404342883276419
854,53.54354354354354,0.045575634895567166
855,53.54354354354354,0.10239270732525069
856,53.54354354354354,0.18165538038739876
857,53.54354354354354,0.2830037200571815
858,53.54354354354354,0.4058755561835882
859,53.54354354354354,0.5493092501322854
860,53.54354354354354,0.7113367007879469
861,53.54354354354354,0.8867284598337778
862,53.833833833833836,0.0112903298931488
863,53.833833833833836,0.04512004682368273
864,53.833833833833836,0.1013700288078482
865,53.833833833833836,0.1798469833997811
866,53.833833833833836,0.2801996593339462
867,53.833833833833836,0.4018839763343983
868,53.833833833833836,0.5439748640126225
869,53.833833833833836,0.7045884513676464
870,53.833833833833836,0.8788846487661505
871,54.12412412412412,0.011177170516222282
872,54.12412412412412,0.04467133750323586
873,54.12412412412412,0.10036346701045126
874,54.12412412412412,0.17805622864827636
875,54.12412412412412,0.27743670661081477
876,54.12412412412412,0.39795895892671734
877,54.12412412412412,0.5387149108828619
878,54.12412412412412,0.697927017368049
879,54.12412412412412,0.8710560539078133
880,54.414414414414416,0.011066517985785496
881,54.414414414414416,0.04422625583570631
882,54.414414414414416,0.09937106914773534
883,54.414414414414416,0.17630324519353424
884,54.414414414414416,0.2747140471917515
885,54.414414414414416,0.39408203905863304
886,54.414414414414416,0.5335281306066744
887,54.414414414414416,0.6913512568730877
888,54.414414414414416,0.8632952660823545
889,54.7047047047047,0.010957529816071917
890,54.7047047047047,0.04379062827585474
891,54.7047047047047,0.09839334138784976
892,54.7047047047047,0.17457316629945618
893,54.7047047047047,0.2720309296718529
894,54.7047047047047,0.3902605257333182
895,54.7047047047047,0.5283929089841697
896,54.7047047047047,0.6848601898951675
897,54.7047047047047,0.8556245149858531
898,54.7047047047047,1.00893878665637
899,54.994994994995,0.010849317250701825
900,54.994994994995,0.043361477757058446
901,54.994994994995,0.09743083778674026
902,54.994994994995,0.17286833549275604
903,54.994994994995,0.2693866268157961
904,54.994994994995,0.38649341792820296
905,54.994994994995,0.5233474784716713
906,54.994994994995,0.6784527612322795
907,54.994994994995,0.8480073693706833
908,55.28528528528528,0.010743494913740503
909,55.28528528528528,0.04293868309222111
910,55.28528528528528,0.0964816764616738
911,55.28528528528528,0.1711882694287667
912,55.28528528528528,0.2667803689809112
913,55.28528528528528,0.38277972258048226
914,55.28528528528528,0.5183714915903678
915,55.28528528528528,0.6721279030563753
916,55.28528528528528,0.8404639605617771
917,55.28528528528528,1.0026850841122503
918,55.57557557557558,0.010639241775109639
919,55.57557557557558,0.04251913130371278
920,55.57557557557558,0.09554040021276407
921,55.57557557557558,0.1695354687874465
922,55.57557557557558,0.264204771062545
923,55.57557557557558,0.37910229462803
924,55.57557557557558,0.5134763227341215
925,55.57557557557558,0.6659005514124305
926,55.57557557557558,0.832995611088878
927,55.57557557557558,0.9974255264132363
928,55.865865865865864,0.01053569016817862
929,55.865865865865864,0.04210842747513712
930,55.865865865865864,0.09461904849476047
931,55.865865865865864,0.16790379475208117
932,55.865865865865864,0.26167205891688006
933,55.865865865865864,0.37549132031687876
934,55.865865865865864,0.5086366063814084
935,55.865865865865864,0.6597387937689773
936,55.865865865865864,0.8256030867162342
937,55.865865865865864,0.9912693094367093
938,55.865865865865864,1.0019898423309725
939,56.15615615615616,0.010434422060524109
940,56.15615615615616,0.04170371549620634
941,56.15615615615616,0.09371024187869524
942,56.15615615615616,0.16629552199390313
943,56.15615615615616,0.2591752777640429
944,56.15615615615616,0.37193083355468826
945,56.15615615615616,0.5038629029599206
946,56.15615615615616,0.6536564303695644
947,56.15615615615616,0.8182871702122195
948,56.15615615615616,0.9847207107504528
949,56.15615615615616,1.0019816139510875
950,56.446446446446444,0.010334634753977907
951,56.446446446446444,0.04130488551653012
952,56.446446446446444,0.09281449098674333
953,56.446446446446444,0.16470115488511491
954,56.446446446446444,0.2567137746919471
955,56.446446446446444,0.3684289254411466
956,56.446446446446444,0.49915409438091907
957,56.446446446446444,0.6476280655688395
958,56.446446446446444,0.8110483469299575
959,56.446446446446444,0.977853731624892
960,56.73673673673674,0.010235478643241695
961,56.73673673673674,0.04090893667606734
962,56.73673673673674,0.09193235410767134
963,56.73673673673674,0.16314053465114203
964,56.73673673673674,0.25428691789643165
965,56.73673673673674,0.3649674257717882
966,56.73673673673674,0.49450908249490516
967,56.73673673673674,0.6416999818320998
968,56.73673673673674,0.8038869178576233
969,56.73673673673674,0.9707160208013929
970,56.73673673673674,1.0019800147470197
971,57.02702702702703,0.0101385082345167
972,57.02702702702703,0.040521297866243165
973,57.02702702702703,0.09106204902153671
974,57.02702702702703,0.1615993613450751
975,57.02702702702703,0.25189403321636666
976,57.02702702702703,0.3615537614964593
977,57.02702702702703,0.4899267889359782
978,57.02702702702703,0.6358479595758013
979,57.02702702702703,0.7968030241038292
980,57.02702702702703,0.9634693023892347
981,57.31731731731732,0.010042936424905306
982,57.31731731731732,0.040139210568767826
983,57.31731731731732,0.09020408658803383
984,57.31731731731732,0.16007986698392246
985,57.31731731731732,0.24953451576475716
986,57.31731731731732,0.35818709292949824
987,57.31731731731732,0.48540615484446953
988,57.31731731731732,0.6300709189768148
989,57.31731731731732,0.7897966680489428
990,57.31731731731732,0.9561518823729692
991,57.60760760760761,0.009947929006852716
992,57.60760760760761,0.03976257503851265
993,57.60760760760761,0.08935309867692436
994,57.60760760760761,0.15858165157628118
995,57.60760760760761,0.2472136233337642
996,57.60760760760761,0.3548665838491294
997,57.60760760760761,0.4809462240786426
998,57.60760760760761,0.6243677856755576
999,57.60760760760761,0.7828677318350941
1000,57.60760760760761,0.9487945078338222
1001,57.60760760760761,1.0020298410353587
1002,57.8978978978979,0.009855017584424027
1003,57.8978978978979,0.039388480926335234
1004,57.8978978978979,0.08851878495154367
1005,57.8978978978979,0.15710711418133047
1006,57.8978978978979,0.2449194409215311
1007,57.8978978978979,0.35159143910303925
1008,57.8978978978979,0.47654581886926967
1009,57.8978978978979,0.6187374919620122
1010,57.8978978978979,0.7760159925984934
1011,57.8978978978979,0.941346296044723
1012,57.8978978978979,1.0020669353531408
1013,58.18818818818819,0.009763428239836927
1014,58.18818818818819,0.03902221833465284
1015,58.18818818818819,0.08769612824797539
1016,58.18818818818819,0.155650531691378
1017,58.18818818818819,0.2426568624185861
1018,58.18818818818819,0.34836081395460394
1019,58.18818818818819,0.47220401237403004
1020,58.18818818818819,0.6131789779337793
1021,58.18818818818819,0.7692411372477115
1022,58.18818818818819,0.9339045280157867
1023,58.47847847847848,0.009672339808914089
1024,58.47847847847848,0.03866110688791419
1025,58.47847847847848,0.08688569474790006
1026,58.47847847847848,0.15421409840725295
1027,58.47847847847848,0.2404253391368212
1028,58.47847847847848,0.3451739448558673
1029,58.47847847847848,0.46791982154003775
1030,58.47847847847848,0.6076911922930431
1031,58.47847847847848,0.7625427738994018
1032,58.47847847847848,0.9265315944545085
1033,58.76876876876877,0.009583265016012782
1034,58.76876876876877,0.03830505586685413
1035,58.76876876876877,0.08608577784850159
1036,58.76876876876877,0.15278836375106888
1037,58.76876876876877,0.23821148068203946
1038,58.76876876876877,0.3420390516417432
1039,58.76876876876877,0.46370487376209074
1040,58.76876876876877,0.6022731923317611
1041,58.76876876876877,0.7559206480811127
1042,58.76876876876877,0.9191225127667005
1043,59.05905905905906,0.009495440995119576
1044,59.05905905905906,0.03795122728723992
1045,59.05905905905906,0.08529689839223088
1046,59.05905905905906,0.15139319068057602
1047,59.05905905905906,0.2360395015261613
1048,59.05905905905906,0.3389217149393938
1049,59.05905905905906,0.4595140523304097
1050,59.05905905905906,0.5969400121180773
1051,59.05905905905906,0.7493933988848597
1052,59.05905905905906,0.9117473161232628
1053,59.05905905905906,1.0022122666797808
1054,59.34934934934935,0.009408057534799693
1055,59.34934934934935,0.03760480378072868
1056,59.34934934934935,0.08451405823825837
1057,59.34934934934935,0.15001455558384288
1058,59.34934934934935,0.23390241060057348
1059,59.34934934934935,0.335861142150212
1060,59.34934934934935,0.45539670730742604
1061,59.34934934934935,0.5916593481597423
1062,59.34934934934935,0.742922759791781
1063,59.34934934934935,0.9044632099698064
1064,59.34934934934935,1.0022803868788364
1065,59.34934934934935,1.011943074816143
1066,59.63963963963964,0.009322612046224853
1067,59.63963963963964,0.037263166747785494
1068,59.63963963963964,0.08374633962360681
1069,59.63963963963964,0.14865463572500748
1070,59.63963963963964,0.2317890126761758
1071,59.63963963963964,0.33284132848838877
1072,59.63963963963964,0.45133315209588415
1073,59.63963963963964,0.5864453715062304
1074,59.63963963963964,0.736526511232316
1075,59.63963963963964,0.8971649908065432
1076,59.92992992992993,0.009238350817980818
1077,59.92992992992993,0.03692623354659975
1078,59.92992992992993,0.0829890614438585
1079,59.92992992992993,0.14731309797534156
1080,59.92992992992993,0.2297039665414415
1081,59.92992992992993,0.3298615680090987
1082,59.92992992992993,0.4473225485063274
1083,59.92992992992993,0.5812970865422735
1084,59.92992992992993,0.7302040042766729
1085,59.92992992992993,0.8899159605669582
1086,60.22022022022022,0.009154472726683502
1087,60.22022022022022,0.03659122316527982
1088,60.22022022022022,0.08224280038960127
1089,60.22022022022022,0.14599229237740596
1090,60.22022022022022,0.22764679344518937
1091,60.22022022022022,0.32692119414078424
1092,60.22022022022022,0.443364018348374
1093,60.22022022022022,0.576213509725848
1094,60.22022022022022,0.7239545578809947
1095,60.22022022022022,0.882719242739184
1096,60.510510510510514,0.009072463047615957
1097,60.510510510510514,0.03626323726984208
1098,60.510510510510514,0.08150590641056629
1099,60.510510510510514,0.14468676643517736
1100,60.510510510510514,0.22561697041446876
1101,60.510510510510514,0.3240194836694663
1102,60.510510510510514,0.43945670004186216
1103,60.510510510510514,0.5711936699732055
1104,60.510510510510514,0.7177774638271246
1105,60.510510510510514,0.8755774558814815
1106,60.8008008008008,0.00899157552929374
1107,60.8008008008008,0.03593970512287849
1108,60.8008008008008,0.08077891255401966
1109,60.8008008008008,0.1433900896528758
1110,60.8008008008008,0.2236140380296575
1111,60.8008008008008,0.321164311809675
1112,60.8008008008008,0.43559974824621794
1113,60.8008008008008,0.5662366836364168
1114,60.8008008008008,0.7116719910036813
1115,60.8008008008008,0.8684927840226341
1116,61.091091091091094,0.0089110164663781
1117,61.091091091091094,0.03562055132519958
1118,61.091091091091094,0.08005711033552229
1119,61.091091091091094,0.14211851645977547
1120,61.091091091091094,0.22164274523113087
1121,61.091091091091094,0.3183386125437097
1122,61.091091091091094,0.43179242878810475
1123,61.091091091091094,0.5613414637901913
1124,61.091091091091094,0.7056373893368884
1125,61.091091091091094,0.8614670358228222
1126,61.38138138138138,0.008832261841459504
1127,61.38138138138138,0.03530303865732877
1128,61.38138138138138,0.07934910531001346
1129,61.38138138138138,0.14086639123168765
1130,61.38138138138138,0.21968087315978113
1131,61.38138138138138,0.3155497046651896
1132,61.38138138138138,0.42804527066824144
1133,61.38138138138138,0.556483581737086
1134,61.38138138138138,0.6996730426207161
1135,61.38138138138138,0.8545248888765393
1136,61.38138138138138,1.0031872412812035
1137,61.38138138138138,1.010940895375564
1138,61.671671671671675,0.00875385241332458
1139,61.671671671671675,0.03499221047850424
1140,61.671671671671675,0.07865118040311178
1141,61.671671671671675,0.13962834333699217
1142,61.671671671671675,0.2177554846747803
1143,61.671671671671675,0.31279693000481307
1144,61.671671671671675,0.4243352467915667
1145,61.671671671671675,0.5517078710043466
1146,61.671671671671675,0.6937778871924167
1147,61.671671671671675,0.847622557824887
1148,61.671671671671675,0.9983112461561554
1149,61.96196196196196,0.008677157181698642
1150,61.96196196196196,0.03468553197165275
1151,61.96196196196196,0.07796181934534895
1152,61.96196196196196,0.13840653435355485
1153,61.96196196196196,0.2158551468660101
1154,61.96196196196196,0.3100796972670648
1155,61.96196196196196,0.42067240077627627
1156,61.96196196196196,0.5469911659064095
1157,61.96196196196196,0.6879243820754654
1158,61.96196196196196,0.8407828675909649
1159,61.96196196196196,0.9927279862467338
1160,61.96196196196196,1.0107374177063553
1161,62.252252252252255,0.008601488602921979
1162,62.252252252252255,0.03438293424343107
1163,62.252252252252255,0.07728151869352445
1164,62.252252252252255,0.13720068516416936
1165,62.252252252252255,0.2139794468465575
1166,62.252252252252255,0.30738139445402407
1167,62.252252252252255,0.417055965379592
1168,62.252252252252255,0.5423484811814328
1169,62.252252252252255,0.6821644354396635
1170,62.252252252252255,0.8340066767593809
1171,62.252252252252255,0.9866053579043911
1172,62.54254254254254,0.008526113183376257
1173,62.54254254254254,0.03408171248229251
1174,62.54254254254254,0.07661081902455717
1175,62.54254254254254,0.13601313374646581
1176,62.54254254254254,0.2121279866010863
1177,62.54254254254254,0.3047324383756582
1178,62.54254254254254,0.4134851879118594
1179,62.54254254254254,0.5377481610445031
1180,62.54254254254254,0.6764713612205375
1181,62.54254254254254,0.8272943574526954
1182,62.54254254254254,0.980263485417186
1183,62.832832832832835,0.008452397742641669
1184,62.832832832832835,0.033786871296017686
1185,62.832832832832835,0.07594315302027582
1186,62.832832832832835,0.1348303517455692
1187,62.832832832832835,0.21030531268815192
1188,62.832832832832835,0.30212537554385593
1189,62.832832832832835,0.40995940533873754
1190,62.832832832832835,0.5332043126973395
1191,62.832832832832835,0.6708443526590299
1192,62.832832832832835,0.8206464155025965
1193,62.832832832832835,0.9736917237744135
1194,63.12312312312312,0.00837965704608492
1195,63.12312312312312,0.03349590144654231
1196,63.12312312312312,0.075288843995875
1197,63.12312312312312,0.13367040572297811
1198,63.12312312312312,0.20850136431394375
1199,63.12312312312312,0.2995438733935073
1200,63.12312312312312,0.406458232519196
1201,63.12312312312312,0.5287159697114107
1202,63.12312312312312,0.665301946837153
1203,63.12312312312312,0.8140631223864968
1204,63.12312312312312,0.9670239220589267
1205,63.413413413413416,0.008307159893163572
1206,63.413413413413416,0.03320873989501082
1207,63.413413413413416,0.07464368084903901
1208,63.413413413413416,0.13252534337771643
1209,63.413413413413416,0.20672046132620417
1210,63.413413413413416,0.29699502421427704
1211,63.413413413413416,0.4030189226132371
1212,63.413413413413416,0.5242823447470767
1213,63.413413413413416,0.6598057662960951
1214,63.413413413413416,0.8075446284348281
1215,63.413413413413416,0.9602927237434522
1216,63.413413413413416,1.0101736920798157
1217,63.7037037037037,0.008236272817711533
1218,63.7037037037037,0.032922704322874786
1219,63.7037037037037,0.07400617234826148
1220,63.7037037037037,0.1313975128874002
1221,63.7037037037037,0.20496218599574761
1222,63.7037037037037,0.2944783107142352
1223,63.7037037037037,0.39962234932459656
1224,63.7037037037037,0.5199026100523019
1225,63.7037037037037,0.6543732715843846
1226,63.7037037037037,0.8010909777931781
1227,63.7037037037037,0.9534549034030417
1228,63.993993993993996,0.008166311860093662
1229,63.993993993993996,0.032642777614546356
1230,63.993993993993996,0.07337683261685413
1231,63.993993993993996,0.13028166590359755
1232,63.993993993993996,0.20322617718508829
1233,63.993993993993996,0.29199316443163603
1234,63.993993993993996,0.3962678272661509
1235,63.993993993993996,0.5155759509646993
1236,63.993993993993996,0.6490036554882843
1237,63.993993993993996,0.7947021219165291
1238,63.993993993993996,0.9466641946576966
1239,64.28428428428428,0.008096547084599762
1240,64.28428428428428,0.03236646708044343
1241,64.28428428428428,0.0727562193569393
1242,64.28428428428428,0.12917997652512048
1243,64.28428428428428,0.20150046756322013
1244,64.28428428428428,0.28953908726327016
1245,64.28428428428428,0.39296617273536993
1246,64.28428428428428,0.5113015656771931
1247,64.28428428428428,0.6436962434026442
1248,64.28428428428428,0.7883779312346172
1249,64.28428428428428,0.9398071795065291
1250,64.57457457457457,0.008028346464072897
1251,64.57457457457457,0.03209128511489128
1252,64.57457457457457,0.07213794919946402
1253,64.57457457457457,0.12809461350934562
1254,64.57457457457457,0.19981204203488453
1255,64.57457457457457,0.28711559813871057
1256,64.57457457457457,0.3896944964709397
1257,64.57457457457457,0.5070786651855351
1258,64.57457457457457,0.6384499866713678
1259,64.57457457457457,0.7821182053453374
1260,64.57457457457457,0.9330183503826166
1261,64.86486486486487,0.007960355448050392
1262,64.86486486486487,0.03182185272327208
1263,64.86486486486487,0.07153271087004777
1264,64.86486486486487,0.12701271813875076
1265,64.86486486486487,0.19814023329375582
1266,64.86486486486487,0.2847300547090799
1267,64.86486486486487,0.38646286691331655
1268,64.86486486486487,0.5029065695495961
1269,64.86486486486487,0.6332642064011609
1270,64.86486486486487,0.7759226820835249
1271,64.86486486486487,0.9261843515390809
1272,65.15515515515516,0.007893857196802882
1273,65.15515515515516,0.03155585648601316
1274,65.15515515515516,0.0709344907092984
1275,65.15515515515516,0.1259517637908142
1276,65.15515515515516,0.19648922675667688
1277,65.15515515515516,0.2823516802560128
1278,65.15515515515516,0.38327070569111343
1279,65.15515515515516,0.4987991709573809
1280,65.15515515515516,0.628138110671472
1281,65.15515515515516,0.7697912375126666
1282,65.15515515515516,0.9193774093803457
1283,65.44544544544544,0.00782820992811037
1284,65.44544544544544,0.03129324215827258
1285,65.44544544544544,0.07034377724668557
1286,65.44544544544544,0.12490403848900956
1287,65.44544544544544,0.19485869681488663
1288,65.44544544544544,0.280016521994719
1289,65.44544544544544,0.3801173903795168
1290,65.44544544544544,0.49472705402721756
1291,65.44544544544544,0.6230709129524824
1292,65.44544544544544,0.7637231407391556
1293,65.44544544544544,0.912602315646795
1294,65.44544544544544,1.009345610573503
1295,65.73573573573574,0.0077627273451767375
1296,65.73573573573574,0.031031524027612643
1297,65.73573573573574,0.06976110123778244
1298,65.73573573573574,0.12387173674079377
1299,65.73573573573574,0.19324832999772062
1300,65.73573573573574,0.2777100004894963
1301,65.73573573573574,0.3770023102358248
1302,65.73573573573574,0.4906804146347286
1303,65.73573573573574,0.6180618328061884
1304,65.73573573573574,0.7577409360263743
1305,65.73573573573574,0.9059136452519884
1306,66.02602602602603,0.007698698495764175
1307,66.02602602602603,0.03077533781488029
1308,66.02602602602603,0.06918507820604011
1309,66.02602602602603,0.12284999921717261
1310,66.02602602602603,0.1916577622715181
1311,66.02602602602603,0.2754316159677533
1312,66.02602602602603,0.37392486602319314
1313,66.02602602602603,0.4867032665604683
1314,66.02602602602603,0.613110096362982
1315,66.02602602602603,0.7517999301161471
1316,66.02602602602603,0.89920864259567
1317,66.31631631631632,0.007635479635741733
1318,66.31631631631632,0.030522367944872283
1319,66.31631631631632,0.06861142004385919
1320,66.31631631631632,0.12184086362845309
1321,66.31631631631632,0.1900913847685425
1322,66.31631631631632,0.27318093750640104
1323,66.31631631631632,0.37088456012643317
1324,66.31631631631632,0.48277312002807504
1325,66.31631631631632,0.6082149369732842
1326,66.31631631631632,0.7459211894580283
1327,66.31631631631632,0.8925468282913785
1328,66.31631631631632,1.0088879341938222
1329,66.60660660660662,0.007572382481080328
1330,66.60660660660662,0.03027256459908805
1331,66.60660660660662,0.06804995379661707
1332,66.60660660660662,0.12084412659090016
1333,66.60660660660662,0.18853979056725517
1334,66.60660660660662,0.27095752369413445
1335,66.60660660660662,0.36788064317637165
1336,66.60660660660662,0.47888927177549284
1337,66.60660660660662,0.6033755946676874
1338,66.60660660660662,0.7401042173264868
1339,66.60660660660662,0.8859305184485727
1340,66.89689689689689,0.007510703181070447
1341,66.89689689689689,0.030023437632201846
1342,66.89689689689689,0.06749477857087485
1343,66.89689689689689,0.11985415820212582
1344,66.89689689689689,0.1869960350145039
1345,66.89689689689689,0.2687687340992615
1346,66.89689689689689,0.364904655083599
1347,66.89689689689689,0.475051109849985
1348,66.89689689689689,0.5986100048579007
1349,66.89689689689689,0.7343484939281004
1350,66.89689689689689,0.8793619857192444
1351,67.18718718718719,0.007449156905747142
1352,67.18718718718719,0.029779648247755017
1353,67.18718718718719,0.0669470231256669
1354,67.18718718718719,0.11888129113678626
1355,67.18718718718719,0.1854812884339383
1356,67.18718718718719,0.26659905911211024
1357,67.18718718718719,0.36197157377845635
1358,67.18718718718719,0.4712578029666054
1359,67.18718718718719,0.5938810744321912
1360,67.18718718718719,0.7286534792362754
1361,67.18718718718719,0.872842262036035
1362,67.47747747747748,0.007388968053809861
1363,67.47747747747748,0.029538872897644407
1364,67.47747747747748,0.06640537823473588
1365,67.47747747747748,0.11792022144314694
1366,67.47747747747748,0.18398479105698562
1367,67.47747747747748,0.2644553998525286
1368,67.47747747747748,0.3590732792912817
1369,67.47747747747748,0.4675087547767672
1370,67.47747747747748,0.5892057720892636
1371,67.47747747747748,0.7230186165745636
1372,67.47747747747748,0.8663730109799015
1373,67.47747747747748,1.0036922976984177
1374,67.76776776776777,0.007329525652581301
1375,67.76776776776777,0.0292987721397852
1376,67.76776776776777,0.06587032060933905
1377,67.76776776776777,0.11697303316158636
1378,67.76776776776777,0.18250627003193085
1379,67.76776776776777,0.2623373706840485
1380,67.76776776776777,0.3562092358956427
1381,67.76776776776777,0.46380330783273244
1382,67.76776776776777,0.5845569718676027
1383,67.76776776776777,0.717443334793749
1384,67.76776776776777,0.8599812041845865
1385,67.76776776776777,0.9991426237456682
1386,68.05805805805807,0.007270175545639718
1387,68.05805805805807,0.02906372660868997
1388,68.05805805805807,0.06533768209496084
1389,68.05805805805807,0.11603515787894975
1390,68.05805805805807,0.1810500722704223
1391,68.05805805805807,0.2602300443366663
1392,68.05805805805807,0.35337899400067097
1393,68.05805805805807,0.4601551454008527
1394,68.05805805805807,0.579985496430715
1395,68.05805805805807,0.7119272065293836
1396,68.05805805805807,0.8536173765736635
1397,68.05805805805807,0.9938393177285391
1398,68.34834834834835,0.007212152385893006
1399,68.34834834834835,0.028831551794254222
1400,68.34834834834835,0.06481525853881467
1401,68.34834834834835,0.11510853625097928
1402,68.34834834834835,0.1796069218290224
1403,68.34834834834835,0.2581611573469683
1404,68.34834834834835,0.35058189222216574
1405,68.34834834834835,0.4565358227434375
1406,68.34834834834835,0.5754654433616164
1407,68.34834834834835,0.7064693412094096
1408,68.34834834834835,0.8473068787626281
1409,68.34834834834835,0.9881552459075582
1410,68.63863863863864,0.007154231004779722
1411,68.63863863863864,0.028602204564906475
1412,68.63863863863864,0.06429969958933733
1413,68.63863863863864,0.11419299171237088
1414,68.63863863863864,0.17818094112106161
1415,68.63863863863864,0.25611666378014036
1416,68.63863863863864,0.34781749359775116
1417,68.63863863863864,0.45295823298921745
1418,68.63863863863864,0.5709961110806406
1419,68.63863863863864,0.7010692801746867
1420,68.63863863863864,0.841050304756461
1421,68.63863863863864,0.9822753337256859
1422,68.92892892892894,0.007097582669619277
1423,68.92892892892894,0.02837332776110687
1424,68.92892892892894,0.06378975880353469
1425,68.92892892892894,0.11328288356701294
1426,68.92892892892894,0.17677182949210846
1427,68.92892892892894,0.2541038999387823
1428,68.92892892892894,0.3450853009290359
1429,68.92892892892894,0.449421830930253
1430,68.92892892892894,0.5665768066721525
1431,68.92892892892894,0.6957264158869192
1432,68.92892892892894,0.8348481112907719
1433,68.92892892892894,0.9761855648004449
1434,68.92892892892894,1.0023687239408838
1435,69.21921921921921,0.007041623424703859
1436,69.21921921921921,0.02814935082699256
1437,69.21921921921921,0.06328589794977474
1438,69.21921921921921,0.11238865498211525
1439,69.21921921921921,0.17537934074441316
1440,69.21921921921921,0.2521075411055614
1441,69.21921921921921,0.34238482608948584
1442,69.21921921921921,0.4459258844165341
1443,69.21921921921921,0.5622068461049168
1444,69.21921921921921,0.6904104328308164
1445,69.21921921921921,0.8287006348463535
1446,69.21921921921921,0.9700361977939567
1447,69.21921921921921,1.0023919241592318
1448,69.50950950950951,0.006985727390330487
1449,69.50950950950951,0.02792806916645099
1450,69.50950950950951,0.06278861756512719
1451,69.50950950950951,0.11150498017090775
1452,69.50950950950951,0.17399255825351195
1453,69.50950950950951,0.2501344850234707
1454,69.50950950950951,0.33972608528397663
1455,69.50950950950951,0.442448418009209
1456,69.50950950950951,0.5578857387152226
1457,69.50950950950951,0.6852002111772718
1458,69.50950950950951,0.8226081073972873
1459,69.50950950950951,0.9638022841673162
1460,69.7997997997998,0.006931078546118198
1461,69.7997997997998,0.027707251776564072
1462,69.7997997997998,0.06229205331606148
1463,69.7997997997998,0.11063386467196745
1464,69.7997997997998,0.17263652106513216
1465,69.7997997997998,0.24818439760589467
1466,69.7997997997998,0.3370882497368368
1467,69.7997997997998,0.4390305693554592
1468,69.7997997997998,0.5536124657108422
1469,69.7997997997998,0.6800251487982424
1470,69.7997997997998,0.8165706655119255
1471,69.7997997997998,0.9575331033005344
1472,70.09009009009009,0.006876501012977567
1473,70.09009009009009,0.027491093197716022
1474,70.09009009009009,0.061806226282122616
1475,70.09009009009009,0.10977095706966224
1476,70.09009009009009,0.1712920410324315
1477,70.09009009009009,0.24625688683991243
1478,70.09009009009009,0.33448068334789194
1479,70.09009009009009,0.4356514405964669
1480,70.09009009009009,0.5493865390165364
1481,70.09009009009009,0.6749048012099319
1482,70.09009009009009,0.8105883670437362
1483,70.09009009009009,0.9511770084420411
1484,70.38038038038039,0.006823122325204519
1485,70.38038038038039,0.027277505315271726
1486,70.38038038038039,0.06132556972192343
1487,70.38038038038039,0.10891813010197232
1488,70.38038038038039,0.16996315593695951
1489,70.38038038038039,0.24435162983545375
1490,70.38038038038039,0.3318852154657384
1491,70.38038038038039,0.43231046740586865
1492,70.38038038038039,0.5452248318932555
1493,70.38038038038039,0.6698385476787331
1494,70.38038038038039,0.8046614507221326
1495,70.38038038038039,0.9448821424838795
1496,70.67067067067067,0.006770380835213325
1497,70.67067067067067,0.02706645065206753
1498,70.67067067067067,0.060850533717505734
1499,70.67067067067067,0.10806794056281177
1500,70.67067067067067,0.16864964287375336
1501,70.67067067067067,0.2424754821815182
1502,70.67067067067067,0.3293360324616723
1503,70.67067067067067,0.4290071920087372
1504,70.67067067067067,0.5410925667479363
1505,70.67067067067067,0.664825767808815
1506,70.67067067067067,0.798789352700156
1507,70.67067067067067,0.9385258805113965
1508,70.96096096096096,0.006717674132880345
1509,70.96096096096096,0.026855670548770725
1510,70.96096096096096,0.060381606040404004
1511,70.96096096096096,0.10723658064366945
1512,70.96096096096096,0.16735128845608907
1513,70.96096096096096,0.24060001276330947
1514,70.96096096096096,0.32681580840074737
1515,70.96096096096096,0.42575491359984313
1516,70.96096096096096,0.5370057650369212
1517,70.96096096096096,0.659865976350655
1518,70.96096096096096,0.79297217429129
1519,70.96096096096096,0.9321859901800325
1520,71.25125125125126,0.006666144400375311
1521,71.25125125125126,0.026649425691499227
1522,71.25125125125126,0.05991759054277542
1523,71.25125125125126,0.10641277134398693
1524,71.25125125125126,0.16606782484697072
1525,71.25125125125126,0.23875917210127665
1526,71.25125125125126,0.32432411374777737
1527,71.25125125125126,0.42252591405113943
1528,71.25125125125126,0.5329638060793042
1529,71.25125125125126,0.6549582986232105
1530,71.25125125125126,0.7872097337340779
1531,71.25125125125126,0.9259249442474194
1532,71.54154154154153,0.0066146565067294345
1533,71.54154154154153,0.026445598785860558
1534,71.54154154154153,0.05945492260536553
1535,71.54154154154153,0.10559843156890857
1536,71.54154154154153,0.1648035422544474
1537,71.54154154154153,0.23693926147526986
1538,71.54154154154153,0.32186062039171426
1539,71.54154154154153,0.41933294078624656
1540,71.54154154154153,0.528966078223382
1541,71.54154154154153,0.6501022424414364
1542,71.54154154154153,0.7815018063154782
1543,71.54154154154153,0.9196254419562857
1544,71.83183183183183,0.006564302002955503
1545,71.83183183183183,0.026242038182272068
1546,71.83183183183183,0.059001356257964654
1547,71.83183183183183,0.10479551258372966
1548,71.83183183183183,0.16354946529584533
1549,71.83183183183183,0.23513999129242436
1550,71.83183183183183,0.31942473462713805
1551,71.83183183183183,0.4161754764504019
1552,71.83183183183183,0.5250119780233176
1553,71.83183183183183,0.6452971951016482
1554,71.83183183183183,0.7758481295470853
1555,71.83183183183183,0.9133563501990665
1556,71.83183183183183,1.003256099958152
1557,72.12212212212212,0.006514537656352911
1558,72.12212212212212,0.02604280524548677
1559,72.12212212212212,0.05855299370726546
1560,72.12212212212212,0.10399982302218666
1561,72.12212212212212,0.1622992220793167
1562,72.12212212212212,0.2333610106818936
1563,72.12212212212212,0.3170263976734993
1564,72.12212212212212,0.41305301253200905
1565,72.12212212212212,0.5211010705622822
1566,72.12212212212212,0.6405425471955175
1567,72.12212212212212,0.7702484094136355
1568,72.12212212212212,0.9071205743105573
1569,72.41241241241241,0.0064647805378333706
1570,72.41241241241241,0.0258458815473536
1571,72.41241241241241,0.05811031266420321
1572,72.41241241241241,0.10321318982419106
1573,72.41241241241241,0.161072924672127
1574,72.41241241241241,0.23160203935441226
1575,72.41241241241241,0.31464521348300306
1576,72.41241241241241,0.4099650490171394
1577,72.41241241241241,0.5172075127656816
1578,72.41241241241241,0.6358376930324762
1579,72.41241241241241,0.7647268392009697
1580,72.41241241241241,0.9009205979235977
1581,72.70270270270271,0.006416138384386256
1582,72.70270270270271,0.025651234412270713
1583,72.70270270270271,0.05767215847101156
1584,72.70270270270271,0.10242816547020986
1585,72.70270270270271,0.15986042483348634
1586,72.70270270270271,0.22987000924088688
1587,72.70270270270271,0.31229054401620937
1588,72.70270270270271,0.4069111794240006
1589,72.70270270270271,0.513379607691058
1590,72.70270270270271,0.6311820312201435
1591,72.70270270270271,0.7592351788108225
1592,72.70270270270271,0.8947585400456046
1593,72.992992992993,0.006367509710444102
1594,72.992992992993,0.02545667691617155
1595,72.992992992993,0.05723519498597247
1596,72.992992992993,0.10166095655671724
1597,72.992992992993,0.15866579677227896
1598,72.992992992993,0.22815060917361676
1599,72.992992992993,0.3099620800033614
1600,72.992992992993,0.40389075797581014
1601,72.992992992993,0.5095929625344253
1602,72.992992992993,0.6265749642232139
1603,72.992992992993,0.7537964669802658
1604,72.992992992993,0.8886362038752549
1605,73.28328328328328,0.006319956536239633
1606,73.28328328328328,0.02526634978936045
1607,73.28328328328328,0.056806725990189065
1608,73.28328328328328,0.10090039064499413
1609,73.28328328328328,0.15748053838744083
1610,73.28328328328328,0.2264503466595577
1611,73.28328328328328,0.30765929805693265
1612,73.28328328328328,0.4008826303990739
1613,73.28328328328328,0.5058470156557597
1614,73.28328328328328,0.6220363680842217
1615,73.28328328328328,0.7484103123800185
1616,73.28328328328328,0.8825554032453602
1617,73.57357357357358,0.006272950794223552
1618,73.57357357357358,0.025078198423846336
1619,73.57357357357358,0.056383081991083314
1620,73.57357357357358,0.10014834558559707
1621,73.57357357357358,0.15630850048812558
1622,73.57357357357358,0.22475560367304145
1623,73.57357357357358,0.30538189642299624
1624,73.57357357357358,0.3979400150069241
1625,73.57357357357358,0.5021412145140952
1626,73.57357357357358,0.617525882069609
1627,73.57357357357358,0.7430763067216739
1628,73.57357357357358,0.8765168826540148
1629,73.57357357357358,1.004077526564551
1630,73.86386386386386,0.006225925696976954
1631,73.86386386386386,0.02489012769908109
1632,73.86386386386386,0.055964732867270335
1633,73.86386386386386,0.09940673714675227
1634,73.86386386386386,0.15514950841345923
1635,73.86386386386386,0.22309211927084951
1636,73.86386386386386,0.3031122727106345
1637,73.86386386386386,0.3950169519500947
1638,73.86386386386386,0.49849202962191597
1639,73.86386386386386,0.6130621686894666
1640,73.86386386386386,0.7377942451364854
1641,73.86386386386386,0.8705219876147339
1642,73.86386386386386,0.9998120016610399
1643,74.15415415415416,0.006179960683155245
1644,74.15415415415416,0.024706107263912428
1645,74.15415415415416,0.055550558740627344
1646,74.15415415415416,0.09867148925381072
1647,74.15415415415416,0.15400333598716712
1648,74.15415415415416,0.2214469160368561
1649,74.15415415415416,0.3008836970388525
1650,74.15415415415416,0.39212554751820444
1651,74.15415415415416,0.4948657231834832
1652,74.15415415415416,0.6086447541524841
1653,74.15415415415416,0.7325632728774443
1654,74.15415415415416,0.8645716217639722
1655,74.15415415415416,0.9948508369550886
1656,74.44444444444444,0.006133981952951832
1657,74.44444444444444,0.024524167369282267
1658,74.44444444444444,0.055137417702481276
1659,74.44444444444444,0.0979374215932965
1660,74.44444444444444,0.15287383906026158
1661,74.44444444444444,0.2198266588805275
1662,74.44444444444444,0.2986794932201095
1663,74.44444444444444,0.3892654276180665
1664,74.44444444444444,0.49127798295448066
1665,74.44444444444444,0.6042730683763953
1666,74.44444444444444,0.7273831456583079
1667,74.44444444444444,0.858666529349497
1668,74.44444444444444,0.9896285243824172
1669,74.73473473473473,0.006089027416425742
1670,74.73473473473473,0.024342295029446157
1671,74.73473473473473,0.054732232708667033
1672,74.73473473473473,0.09721994660986867
1673,74.73473473473473,0.15174271805902528
1674,74.73473473473473,0.2182176756685241
1675,74.73473473473473,0.29650925210339507
1676,74.73473473473473,0.38643602111828185
1677,74.73473473473473,0.487728432052042
1678,74.73473473473473,0.5999174878053599
1679,74.73473473473473,0.7222534092678657
1680,74.73473473473473,0.852835966315149
1681,74.73473473473473,0.9840615654389342
1682,75.02502502502503,0.006044581434726658
1683,75.02502502502503,0.02416430708916513
1684,75.02502502502503,0.054331527796574616
1685,75.02502502502503,0.09650853719325456
1686,75.02502502502503,0.15063365583323726
1687,75.02502502502503,0.21662621216443287
1688,75.02502502502503,0.29435296699570457
1689,75.02502502502503,0.3836369629803694
1690,75.02502502502503,0.4842162837449458
1691,75.02502502502503,0.595634279221846
1692,75.02502502502503,0.7171413130482722
1693,75.02502502502503,0.847024415672529
1694,75.02502502502503,0.9784937331327856
1695,75.31531531531532,0.006000090542843753
1696,75.31531531531532,0.02398830967954069
1697,75.31531531531532,0.053935766864899405
1698,75.31531531531532,0.09580492771706277
1699,75.31531531531532,0.1495367123335447
1700,75.31531531531532,0.21505203527585876
1701,75.31531531531532,0.2922199515857611
1702,75.31531531531532,0.3808678307983758
1703,75.31531531531532,0.48074116626396135
1704,75.31531531531532,0.5913950742866962
1705,75.31531531531532,0.7121099007975503
1706,75.31531531531532,0.8412596516329557
1707,75.31531531531532,0.972660111469379
1708,75.6056056056056,0.005956611064289175
1709,75.6056056056056,0.023814275760245706
1710,75.6056056056056,0.053543859121902224
1711,75.6056056056056,0.09510900623704399
1712,75.6056056056056,0.14845167858321778
1713,75.6056056056056,0.21349489845963263
1714,75.6056056056056,0.2901098773302718
1715,75.6056056056056,0.3781282092292884
1716,75.6056056056056,0.47730258309135415
1717,75.6056056056056,0.5871993252950416
1718,75.6056056056056,0.7071274193958832
1719,75.6056056056056,0.835541958965474
1720,75.6056056056056,0.9668533465896945
1721,75.6056056056056,1.0081736326918025
1722,75.8958958958959,0.005913091842927896
1723,75.8958958958959,0.023640148494971855
1724,75.8958958958959,0.05315675000511279
1725,75.8958958958959,0.0944226678720415
1726,75.8958958958959,0.1473784213575005
1727,75.8958958958959,0.2119545849015165
1728,75.8958958958959,0.2880224212863002
1729,75.8958958958959,0.3754176897807142
1730,75.8958958958959,0.47390004526014345
1731,75.8958958958959,0.5830464906658626
1732,75.8958958958959,0.7021933895514374
1733,75.8958958958959,0.8298715396147386
1734,75.8958958958959,0.9610144168745448
1735,76.18618618618619,0.005870551270122639
1736,76.18618618618619,0.023469838929846484
1737,76.18618618618619,0.05276927489100271
1738,76.18618618618619,0.09373520736195548
1739,76.18618618618619,0.14632076416406364
1740,76.18618618618619,0.21043741893353035
1741,76.18618618618619,0.28595735390706434
1742,76.18618618618619,0.37273596871400744
1743,76.18618618618619,0.4705330715330519
1744,76.18618618618619,0.5789360351738602
1745,76.18618618618619,0.6973073286523255
1746,76.18618618618619,0.8242485224744758
1747,76.18618618618619,0.9550879457735172
1748,76.18618618618619,1.0080669300276417
1749,76.18618618618619,1.002701211671685
1750,76.47647647647648,0.0058279752277262615
1751,76.47647647647648,0.023301409159493042
1752,76.47647647647648,0.0523903784153333
1753,76.47647647647648,0.09306145941187437
1754,76.47647647647648,0.1452707150474633
1755,76.47647647647648,0.20891691429578008
1756,76.47647647647648,0.28391419484308056
1757,76.47647647647648,0.370095678106093
1758,76.47647647647648,0.46720118721718645
1759,76.47647647647648,0.5748676259553545
1760,76.47647647647648,0.6924687516482257
1761,76.47647647647648,0.8186729728867217
1762,76.47647647647648,0.9492237269829215
1763,76.76676676676676,0.00578634692979943
1764,76.76676676676676,0.023132873821082908
1765,76.76676676676676,0.05201512316292772
1766,76.76676676676676,0.09239690169196461
1767,76.76676676676676,0.1442319204265338
1768,76.76676676676676,0.2074252655955906
1769,76.76676676676676,0.28189271881669653
1770,76.76676676676676,0.3674707631867423
1771,76.76676676676676,0.4638801096145607
1772,76.76676676676676,0.5708403626263961
1773,76.76676676676676,0.6877006806701428
1774,76.76676676676676,0.8131448964973774
1775,76.76676676676676,0.9432942623871118
1776,76.76676676676676,1.0079067872235419
1777,77.05705705705707,0.005745178234778099
1778,77.05705705705707,0.02296801090668546
1779,77.05705705705707,0.0516439181569126
1780,77.05705705705707,0.0917376690406476
1781,77.05705705705707,0.14319446813699183
1782,77.05705705705707,0.2059494574469419
1783,77.05705705705707,0.27990217839337106
1784,77.05705705705707,0.36485290487104144
1785,77.05705705705707,0.46061615685645574
1786,77.05705705705707,0.5668741628536026
1787,77.05705705705707,0.6829566602360239
1788,77.05705705705707,0.807664500635735
1789,77.05705705705707,0.9373777292384284
1790,77.34734734734735,0.005703944916822201
1791,77.34734734734735,0.022804948556133582
1792,77.34734734734735,0.05127720515348547
1793,77.34734734734735,0.09108548951628724
1794,77.34734734734735,0.14217729581170915
1795,77.34734734734735,0.20448928704550814
1796,77.34734734734735,0.27790670406663454
1797,77.34734734734735,0.3622817397034833
1798,77.34734734734735,0.4574023893523542
1799,77.34734734734735,0.5629289902972201
1800,77.34734734734735,0.6782588969512
1801,77.34734734734735,0.8022312173653884
1802,77.34734734734735,0.9314787360278456
1803,77.63763763763764,0.00566364976744688
1804,77.63763763763764,0.02264176574485482
1805,77.63763763763764,0.050910006683939586
1806,77.63763763763764,0.09044213714431398
1807,77.63763763763764,0.14117476895248143
1808,77.63763763763764,0.20304456091896683
1809,77.63763763763764,0.27594824759994013
1810,77.63763763763764,0.35973735475658186
1811,77.63763763763764,0.45420590519286475
1812,77.63763763763764,0.5590236501974403
1813,77.63763763763764,0.6736065170036925
1814,77.63763763763764,0.7968451517460425
1815,77.63763763763764,0.9256555841499661
1816,77.92792792792793,0.005623294012122016
1817,77.92792792792793,0.02248212089902916
1818,77.92792792792793,0.050550937872980005
1819,77.92792792792793,0.08979738929728338
1820,77.92792792792793,0.14017920271411707
1821,77.92792792792793,0.2016214257871562
1822,77.92792792792793,0.2740102206217622
1823,77.92792792792793,0.3572194691079553
1824,77.92792792792793,0.45104223479671895
1825,77.92792792792793,0.5551576457748754
1826,77.92792792792793,0.6689992211582825
1827,77.92792792792793,0.7915061418880724
1828,77.92792792792793,0.9197969668327082
1829,78.21821821821823,0.005583848060390875
1830,78.21821821821823,0.022324201565897872
1831,78.21821821821823,0.050195233892954
1832,78.21821821821823,0.08916555566123613
1833,78.21821821821823,0.1391941156071526
1834,78.21821821821823,0.2002072146685435
1835,78.21821821821823,0.272092410140785
1836,78.21821821821823,0.35472756633837443
1837,78.21821821821823,0.4479109458798852
1838,78.21821821821823,0.5513304861158144
1839,78.21821821821823,0.6644365242853063
1840,78.21821821821823,0.7862139950058387
1841,78.21821821821823,0.9139664508534706
1842,78.50850850850851,0.005544344820406537
1843,78.50850850850851,0.022166144717717953
1844,78.50850850850851,0.04984377009285041
1845,78.50850850850851,0.08854220222309359
1846,78.50850850850851,0.1382193958302557
1847,78.50850850850851,0.19880782525065452
1848,78.50850850850851,0.2701945393925456
1849,78.50850850850851,0.352261370828549
1850,78.50850850850851,0.4448116125897096
1851,78.50850850850851,0.5475416869799228
1852,78.50850850850851,0.6599179428768008
1853,78.50850850850851,0.780968490976326
1854,78.50850850850851,0.9081662432262114
1855,78.7987987987988,0.00550572455231552
1856,78.7987987987988,0.02201150119358637
1857,78.7987987987988,0.04949558382327265
1858,78.7987987987988,0.08792370318329668
1859,78.7987987987988,0.1372548656987857
1860,78.7987987987988,0.19742301509056354
1861,78.7987987987988,0.2683163363672624
1862,78.7987987987988,0.3498205365034531
1863,78.7987987987988,0.44174381560016995
1864,78.7987987987988,0.5437907702426772
1865,78.7987987987988,0.6554429954147023
1866,78.7987987987988,0.7757693855191835
1867,78.7987987987988,0.9023982400776471
1868,79.08908908908909,0.005467520760561761
1869,79.08908908908909,0.021858512047192188
1870,79.08908908908909,0.049147259651723646
1871,79.08908908908909,0.08731168654815369
1872,79.08908908908909,0.13630411611351212
1873,79.08908908908909,0.19603963084738676
1874,79.08908908908909,0.2664576278217767
1875,79.08908908908909,0.3474175251516482
1876,79.08908908908909,0.4387071422624067
1877,79.08908908908909,0.5400774326109028
1878,79.08908908908909,0.6510112027011393
1879,79.08908908908909,0.7706164145735194
1880,79.08908908908909,0.8966640673347239
1881,79.37937937937939,0.005429232393347892
1882,79.37937937937939,0.02170536659222771
1883,79.37937937937939,0.04880666452218639
1884,79.37937937937939,0.08670782880044767
1885,79.37937937937939,0.13535041819610152
1886,79.37937937937939,0.19468280706221266
1887,79.37937937937939,0.2646271370679735
1888,79.37937937937939,0.3450270221719763
1889,79.37937937937939,0.43570136803037585
1890,79.37937937937939,0.5363731019673221
1891,79.37937937937939,0.6466220896877023
1892,79.37937937937939,0.7655366783402724
1893,79.37937937937939,0.8909651156638722
1894,79.66966966966967,0.0053918200698607486
1895,79.66966966966967,0.02155551875606658
1896,79.66966966966967,0.04846918033582413
1897,79.66966966966967,0.08610229775373203
1898,79.66966966966967,0.13441542747122368
1899,79.66966966966967,0.19334619170667483
1900,79.66966966966967,0.26280677192952706
1901,79.66966966966967,0.34266096911917926
1902,79.66966966966967,0.4327257411803628
1903,79.66966966966967,0.5327318287023686
1904,79.66966966966967,0.6422751798101655
1905,79.66966966966967,0.7604762943808057
1906,79.66966966966967,0.8853025705377822
1907,79.66966966966967,1.0044781319519485
1908,79.95995995995996,0.0053543263715169435
1909,79.95995995995996,0.02140725783468361
1910,79.95995995995996,0.04813567778582422
1911,79.95995995995996,0.08550898269389016
1912,79.95995995995996,0.13349010614508663
1913,79.95995995995996,0.19201744697731354
1914,79.95995995995996,0.2610050448622571
1915,79.95995995995996,0.34031890543840665
1916,79.95995995995996,0.42978003740238674
1917,79.95995995995996,0.5291265462166467
1918,79.95995995995996,0.6379700038723527
1919,79.95995995995996,0.755461182691895
1920,79.95995995995996,0.8796774380931419
1921,79.95995995995996,1.000463214817739
1922,80.25025025025025,0.00531768397276355
1923,80.25025025025025,0.021260563574946365
1924,80.25025025025025,0.04780520645786313
1925,80.25025025025025,0.08492179607882555
1926,80.25025025025025,0.13257428839061997
1927,80.25025025025025,0.19070232326254535
1928,80.25025025025025,0.25922170604466277
1929,80.25025025025025,0.33800057844039033
1930,80.25025025025025,0.4268638685472738
1931,80.25025025025025,0.5255568064889193
1932,80.25025025025025,0.6337060946463442
1933,80.25025025025025,0.750491015843471
1934,80.25025025025025,0.8740905674730971
1935,80.25025025025025,0.9957986139883339
1936,80.54054054054055,0.005280962843066184
1937,80.54054054054055,0.021113573082343608
1938,80.54054054054055,0.04747492617274431
1939,80.54054054054055,0.08434247590738406
1940,80.54054054054055,0.13167148308545362
1941,80.54054054054055,0.18940065913069085
1942,80.54054054054055,0.25744039829224785
1943,80.54054054054055,0.3356858830569969
1944,80.54054054054055,0.42399270271342454
1945,80.54054054054055,0.5220417385993591
1946,80.54054054054055,0.6294833257007285
1947,80.54054054054055,0.7455656719964034
1948,80.54054054054055,0.868542674950581
1949,80.54054054054055,0.9908162072313104
1950,80.83083083083083,0.005245069547323485
1951,80.83083083083083,0.020969848639019406
1952,80.83083083083083,0.04715111185637043
1953,80.83083083083083,0.08376740114011134
1954,80.83083083083083,0.13077448736151995
1955,80.83083083083083,0.18811223174553418
1956,80.83083083083083,0.2556923980682586
1957,80.83083083083083,0.33341318010031323
1958,80.83083083083083,0.4211351500423348
1959,80.83083083083083,0.5185426617739006
1960,80.83083083083083,0.6252701940670411
1961,80.83083083083083,0.7406843853353674
1962,80.83083083083083,0.8630641280381613
1963,80.83083083083083,0.985681939151659
1964,81.12112112112112,0.005209554610770597
1965,81.12112112112112,0.020827627869983364
1966,81.12112112112112,0.04683062724823292
1967,81.12112112112112,0.08319821456919897
1968,81.12112112112112,0.12988663741288678
1969,81.12112112112112,0.1868368840187265
1970,81.12112112112112,0.25396203867439754
1971,81.12112112112112,0.33116325710770383
1972,81.12112112112112,0.4182827048845633
1973,81.12112112112112,0.5150778494111582
1974,81.12112112112112,0.6211492374344036
1975,81.12112112112112,0.735847001261142
1976,81.12112112112112,0.8575972687182649
1977,81.12112112112112,0.980360899293843
1978,81.41141141141141,0.005173935345545902
1979,81.41141141141141,0.02068509420504335
1980,81.41141141141141,0.046513887983090904
1981,81.41141141141141,0.0826304324342654
1982,81.41141141141141,0.12900782902331492
1983,81.41141141141141,0.18556848239075432
1984,81.41141141141141,0.25224908592552475
1985,81.41141141141141,0.3289478359962538
1986,81.41141141141141,0.41548066008061024
1987,81.41141141141141,0.511647017198648
1988,81.41141141141141,0.6170455953462178
1989,81.41141141141141,0.7310531572985409
1990,81.41141141141141,0.8521706347464014
1991,81.41141141141141,0.9749714824270731
1992,81.70170170170171,0.00513913919495253
1993,81.70170170170171,0.02054572409816441
1994,81.70170170170171,0.046199953214079784
1995,81.70170170170171,0.08207257671374565
1996,81.70170170170171,0.12812884845560946
1997,81.70170170170171,0.1843185024193405
1998,81.70170170170171,0.2505622067299058
1999,81.70170170170171,0.326743151727613
2000,81.70170170170171,0.4127064482881974
2001,81.70170170170171,0.5082494783510401
2002,81.70170170170171,0.6129809336070984
2003,81.70170170170171,0.7263024815796338
2004,81.70170170170171,0.8467847815669464
2005,81.70170170170171,0.9695362880750028
2006,81.991991991992,0.0051042413318803
2007,81.991991991992,0.02040779785270188
2008,81.991991991992,0.04588966399192394
2009,81.991991991992,0.08152036969337012
2010,81.991991991992,0.1272673319120696
2011,81.991991991992,0.18308107815636046
2012,81.991991991992,0.24888376794511735
2013,81.991991991992,0.32456038428607764
2014,81.991991991992,0.4099594063457919
2015,81.991991991992,0.5048849501360018
2016,81.991991991992,0.6089548057995793
2017,81.991991991992,0.7215946003046183
2018,81.991991991992,0.8414399441481256
2019,81.991991991992,0.9639959630474392
2020,82.28228228228228,0.0050701448518463135
2021,82.28228228228228,0.020269540842574783
2022,82.28228228228228,0.045578369744738306
2023,82.28228228228228,0.08097547120174392
2024,82.28228228228228,0.12641811644302287
2025,82.28228228228228,0.18185606549127317
2026,82.28228228228228,0.2472221434692754
2027,82.28228228228228,0.32239924890419136
2028,82.28228228228228,0.40723933528347467
2029,82.28228228228228,0.5015530258276056
2030,82.28228228228228,0.6049667732495682
2031,82.28228228228228,0.7169291343865306
2032,82.28228228228228,0.8361362925184826
2033,82.28228228228228,0.9585135175814029
2034,82.57257257257257,0.005035948824836268
2035,82.57257257257257,0.020134351967847335
2036,82.57257257257257,0.045274201464232014
2037,82.57257257257257,0.08043443328442183
2038,82.57257257257257,0.1255739575391744
2039,82.57257257257257,0.1806432587636016
2040,82.57257257257257,0.24557696904060183
2041,82.57257257257257,0.3202594654622133
2042,82.57257257257257,0.40454589107869465
2043,82.57257257257257,0.4982533043043084
2044,82.57257257257257,0.6010164004934614
2045,82.57257257257257,0.7122713146898542
2046,82.57257257257257,0.8308739391553612
2047,82.57257257257257,0.9529851536708658
2048,82.86286286286287,0.005002533526545729
2049,82.86286286286287,0.020000550125109227
2050,82.86286286286287,0.04497268898082753
2051,82.86286286286287,0.07989882710140077
2052,82.86286286286287,0.12473821706854078
2053,82.86286286286287,0.17944251757543406
2054,82.86286286286287,0.2439480993142626
2055,82.86286286286287,0.3181407581438039
2056,82.86286286286287,0.4018787358159165
2057,82.86286286286287,0.4949853899822991
2058,82.86286286286287,0.5971032564515628
2059,82.86286286286287,0.7076883917058314
2060,82.86286286286287,0.8256529454728347
2061,82.86286286286287,0.9474311587182643
2062,83.15315315315316,0.004969020441500333
2063,83.15315315315316,0.019866398678745515
2064,83.15315315315316,0.04467463259015186
2065,83.15315315315316,0.07936420790263458
2066,83.15315315315316,0.12391081837281603
2067,83.15315315315316,0.17825969149616178
2068,83.15315315315316,0.24233532219444126
2069,83.15315315315316,0.3160429409029234
2070,83.15315315315316,0.3992375364149802
2071,83.15315315315316,0.49174889297359137
2072,83.15315315315316,0.593226914488208
2073,83.15315315315316,0.703146684383481
2074,83.15315315315316,0.8204733275389777
2075,83.15315315315316,0.941948007359982
2076,83.44344344344344,0.004936268438705416
2077,83.44344344344344,0.0197352264395616
2078,83.44344344344344,0.04437916530044263
2079,83.44344344344344,0.07883904962756207
2080,83.44344344344344,0.12309161716179588
2081,83.44344344344344,0.17708290034060883
2082,83.44344344344344,0.2407233478215465
2083,83.44344344344344,0.31396558229080707
2084,83.44344344344344,0.3966367612371418
2085,83.44344344344344,0.4885434281640453
2086,83.44344344344344,0.5893872337348026
2087,83.44344344344344,0.6986458033614403
2088,83.44344344344344,0.8153350647211077
2089,83.44344344344344,0.9364113139873511
2090,83.73373373373373,0.00490385194969319
2091,83.73373373373373,0.01960538720873774
2092,83.73373373373373,0.044083011786538825
2093,83.73373373373373,0.07831910634383783
2094,83.73373373373373,0.12228406935873559
2095,83.73373373373373,0.17591771857692537
2096,83.73373373373373,0.2391415916849906
2097,83.73373373373373,0.3118898969744066
2098,83.73373373373373,0.3940471120758225
2099,83.73373373373373,0.48536038836997647
2100,83.73373373373373,0.5855832529117059
2101,83.73373373373373,0.6942118824853419
2102,83.73373373373373,0.8102380901054735
2103,83.73373373373373,0.9308934074578384
2104,84.02402402402403,0.0048713140308067285
2105,84.02402402402403,0.019475178762538663
2106,84.02402402402403,0.04379369317730256
2107,84.02402402402403,0.07780597429050913
2108,84.02402402402403,0.12147233990716036
2109,84.02402402402403,0.17475210865511198
2110,84.02402402402403,0.23758386664042183
2111,84.02402402402403,0.309863786887617
2112,84.02402402402403,0.3914826107795184
2113,84.02402402402403,0.48221568013919025
2114,84.02402402402403,0.5818148242644792
2115,84.02402402402403,0.6897925911466626
2116,84.02402402402403,0.8051823150168329
2117,84.02402402402403,0.9253964588469843
2118,84.31431431431432,0.004839534777998673
2119,84.31431431431432,0.019347866575763133
2120,84.31431431431432,0.04350683363274717
2121,84.31431431431432,0.07729634780348191
2122,84.31431431431432,0.12067693156868585
2123,84.31431431431432,0.1736091554841484
2124,84.31431431431432,0.2360331013911197
2125,84.31431431431432,0.3078461645036575
2126,84.31431431431432,0.3889426681132177
2127,84.31431431431432,0.47910075456353535
2128,84.31431431431432,0.5780815356673262
2129,84.31431431431432,0.6854129877375688
2130,84.31431431431432,0.8001676191473728
2131,84.31431431431432,0.9199230908931009
2132,84.6046046046046,0.004807635918964445
2133,84.6046046046046,0.01922183601419196
2134,84.6046046046046,0.04322323643200969
2135,84.6046046046046,0.07679173999301266
2136,84.6046046046046,0.11988933177843739
2137,84.6046046046046,0.17247734978288312
2138,84.6046046046046,0.23449740958063053
2139,84.6046046046046,0.30584804294581064
2140,84.6046046046046,0.3864271093711294
2141,84.6046046046046,0.47601536661581245
2142,84.6046046046046,0.5743829849439138
2143,84.6046046046046,0.6810726828575141
2144,84.6046046046046,0.7951938569390612
2145,84.6046046046046,0.914475337436734
2146,84.8948948948949,0.004776477441308326
2147,84.8948948948949,0.019095416018162586
2148,84.8948948948949,0.042938627755525816
2149,84.8948948948949,0.07628773306586518
2150,84.8948948948949,0.11911273566831439
2151,84.8948948948949,0.17136248085967318
2152,84.8948948948949,0.23297667659198582
2153,84.8948948948949,0.30386925121970726
2154,84.8948948948949,0.38393563106302164
2155,84.8948948948949,0.4729591576981591
2156,84.8948948948949,0.5707187727585167
2157,84.8948948948949,0.6767712868059953
2158,84.8948948948949,0.790260860380197
2159,84.8948948948949,0.9090549535770021
2160,85.18518518518519,0.004745200846094515
2161,85.18518518518519,0.018971814852829613
2162,85.18518518518519,0.04266046523787386
2163,85.18518518518519,0.07579277373347251
2164,85.18518518518519,0.11834055705939285
2165,85.18518518518519,0.17025282097052113
2166,85.18518518518519,0.23147056230175309
2167,85.18518518518519,0.3019093995741074
2168,85.18518518518519,0.3814453539201424
2169,85.18518518518519,0.4699317736605339
2170,85.18518518518519,0.5671106001212413
2171,85.18518518518519,0.6725084108013388
2172,85.18518518518519,0.785368917201737
2173,85.18518518518519,0.9036634520028183
2174,85.47547547547548,0.004714647207540663
2175,85.47547547547548,0.018849446416016685
2176,85.47547547547548,0.04238463307231501
2177,85.47547547547548,0.07530263653457178
2178,85.47547547547548,0.1175758617023124
2179,85.47547547547548,0.1691538946520871
2180,85.47547547547548,0.2299789529815983
2181,85.47547547547548,0.2999683193027507
2182,85.47547547547548,0.3790002440712525
2183,85.47547547547548,0.46693286584354543
2184,85.47547547547548,0.5635147541137244
2185,85.47547547547548,0.6682836672589818
2186,85.47547547547548,0.7805168993536039
2187,85.47547547547548,0.8983021341955266
2188,85.47547547547548,1.0077038188110128
2189,85.76576576576576,0.00468397663732203
2190,85.76576576576576,0.018726667856889093
2191,85.76576576576576,0.042111900705669406
2192,85.76576576576576,0.07481886602747059
2193,85.76576576576576,0.1168185864333162
2194,85.76576576576576,0.1680655876580626
2195,85.76576576576576,0.22850166492011986
2196,85.76576576576576,0.2980457745741688
2197,85.76576576576576,0.3765783040507514
2198,85.76576576576576,0.46396209028962826
2199,85.76576576576576,0.5599521006028967
2200,85.76576576576576,0.6640966700586135
2201,85.76576576576576,0.7757050334759312
2202,85.76576576576576,0.8929721172585832
2203,86.05605605605606,0.004654012407166925
2204,86.05605605605606,0.018606635803247038
2205,86.05605605605606,0.041841440956367035
2206,86.05605605605606,0.07433827353484228
2207,86.05605605605606,0.11606030337558382
2208,86.05605605605606,0.16698772274965734
2209,86.05605605605606,0.22704662278530174
2210,86.05605605605606,0.2961415333620348
2211,86.05605605605606,0.3741794409416332
2212,86.05605605605606,0.46101910785665956
2213,86.05605605605606,0.5563930293687412
2214,86.05605605605606,0.6599470347801768
2215,86.05605605605606,0.7709617058446222
2216,86.05605605605606,0.8876743570295856
2217,86.05605605605606,1.0009815611192976
2218,86.34634634634635,0.00462393215748789
2219,86.34634634634635,0.01848778992435886
2220,86.34634634634635,0.04157066505508729
2221,86.34634634634635,0.07385666132924175
2222,86.34634634634635,0.11532048205754024
2223,86.34634634634635,0.16591445226147786
2224,86.34634634634635,0.22559783726691485
2225,86.34634634634635,0.2942665811957092
2226,86.34634634634635,0.3718029988329151
2227,86.34634634634635,0.4581037686444497
2228,86.34634634634635,0.5528945411332232
2229,86.34634634634635,0.6558343802298799
2230,86.34634634634635,0.7662304815270908
2231,86.34634634634635,0.8824567905089058
2232,86.34634634634635,0.9965811144701304
